query_id	query_family	profile	disease	group_id	contrast_id	direction	ordered	rank_source	genes_tsv	background_tsv	ranked_genes_tsv	gene_count	background_count	interpretation_hint	skip	skip_reason
comparison_strict_vs_operative__operative_minus_strict	comparison_strict_vs_operative	rbl	pan_cancer	operative_minus_strict	""	all	FALSE	""	/work/ugbogu/pipeline/results/unsupervised/rbl/enrichment/query_sets/gene_sets/comparison_strict_vs_operative__operative_minus_strict/genes.tsv	/work/ugbogu/pipeline/results/unsupervised/rbl/enrichment/query_sets/gene_sets/comparison_strict_vs_operative__operative_minus_strict/background.tsv	/work/ugbogu/pipeline/results/unsupervised/rbl/enrichment/query_sets/gene_sets/comparison_strict_vs_operative__operative_minus_strict/ranked_genes.tsv	148	24106	comparison_strict_vs_operative | all | over-representation query	FALSE	""
brca__disease_recurrent_ge__2__all	disease_recurrent	rbl	brca	recurrence_ge_2	""	all	FALSE	""	/work/ugbogu/pipeline/results/unsupervised/rbl/enrichment/query_sets/gene_sets/brca__disease_recurrent_ge__2__all/genes.tsv	/work/ugbogu/pipeline/results/unsupervised/rbl/enrichment/query_sets/gene_sets/brca__disease_recurrent_ge__2__all/background.tsv	/work/ugbogu/pipeline/results/unsupervised/rbl/enrichment/query_sets/gene_sets/brca__disease_recurrent_ge__2__all/ranked_genes.tsv	18	19929	disease_recurrent | all | over-representation query	FALSE	""
brca__disease_recurrent_ge__2__down	disease_recurrent	rbl	brca	recurrence_ge_2	""	down	FALSE	""	/work/ugbogu/pipeline/results/unsupervised/rbl/enrichment/query_sets/gene_sets/brca__disease_recurrent_ge__2__down/genes.tsv	/work/ugbogu/pipeline/results/unsupervised/rbl/enrichment/query_sets/gene_sets/brca__disease_recurrent_ge__2__down/background.tsv	/work/ugbogu/pipeline/results/unsupervised/rbl/enrichment/query_sets/gene_sets/brca__disease_recurrent_ge__2__down/ranked_genes.tsv	17	19929	disease_recurrent | down | over-representation query	FALSE	""
brca__disease_recurrent_ge__2__up	disease_recurrent	rbl	brca	recurrence_ge_2	""	up	FALSE	""	/work/ugbogu/pipeline/results/unsupervised/rbl/enrichment/query_sets/gene_sets/brca__disease_recurrent_ge__2__up/genes.tsv	/work/ugbogu/pipeline/results/unsupervised/rbl/enrichment/query_sets/gene_sets/brca__disease_recurrent_ge__2__up/background.tsv	/work/ugbogu/pipeline/results/unsupervised/rbl/enrichment/query_sets/gene_sets/brca__disease_recurrent_ge__2__up/ranked_genes.tsv	1	19929	disease_recurrent | up | over-representation query	TRUE	fewer_than_min_genes
nbl__disease_recurrent_ge__2__all	disease_recurrent	rbl	nbl	recurrence_ge_2	""	all	FALSE	""	/work/ugbogu/pipeline/results/unsupervised/rbl/enrichment/query_sets/gene_sets/nbl__disease_recurrent_ge__2__all/genes.tsv	/work/ugbogu/pipeline/results/unsupervised/rbl/enrichment/query_sets/gene_sets/nbl__disease_recurrent_ge__2__all/background.tsv	/work/ugbogu/pipeline/results/unsupervised/rbl/enrichment/query_sets/gene_sets/nbl__disease_recurrent_ge__2__all/ranked_genes.tsv	5	19828	disease_recurrent | all | over-representation query	FALSE	""
nbl__disease_recurrent_ge__2__down	disease_recurrent	rbl	nbl	recurrence_ge_2	""	down	FALSE	""	/work/ugbogu/pipeline/results/unsupervised/rbl/enrichment/query_sets/gene_sets/nbl__disease_recurrent_ge__2__down/genes.tsv	/work/ugbogu/pipeline/results/unsupervised/rbl/enrichment/query_sets/gene_sets/nbl__disease_recurrent_ge__2__down/background.tsv	/work/ugbogu/pipeline/results/unsupervised/rbl/enrichment/query_sets/gene_sets/nbl__disease_recurrent_ge__2__down/ranked_genes.tsv	5	19828	disease_recurrent | down | over-representation query	FALSE	""
nbl__disease_recurrent_ge__2__up	disease_recurrent	rbl	nbl	recurrence_ge_2	""	up	FALSE	""	/work/ugbogu/pipeline/results/unsupervised/rbl/enrichment/query_sets/gene_sets/nbl__disease_recurrent_ge__2__up/genes.tsv	/work/ugbogu/pipeline/results/unsupervised/rbl/enrichment/query_sets/gene_sets/nbl__disease_recurrent_ge__2__up/background.tsv	/work/ugbogu/pipeline/results/unsupervised/rbl/enrichment/query_sets/gene_sets/nbl__disease_recurrent_ge__2__up/ranked_genes.tsv	0	19828	disease_recurrent | up | over-representation query	TRUE	fewer_than_min_genes
rbl__disease_recurrent_ge__2__all	disease_recurrent	rbl	rbl	recurrence_ge_2	""	all	FALSE	""	/work/ugbogu/pipeline/results/unsupervised/rbl/enrichment/query_sets/gene_sets/rbl__disease_recurrent_ge__2__all/genes.tsv	/work/ugbogu/pipeline/results/unsupervised/rbl/enrichment/query_sets/gene_sets/rbl__disease_recurrent_ge__2__all/background.tsv	/work/ugbogu/pipeline/results/unsupervised/rbl/enrichment/query_sets/gene_sets/rbl__disease_recurrent_ge__2__all/ranked_genes.tsv	0	19925	disease_recurrent | all | over-representation query	TRUE	fewer_than_min_genes
rbl__disease_recurrent_ge__2__down	disease_recurrent	rbl	rbl	recurrence_ge_2	""	down	FALSE	""	/work/ugbogu/pipeline/results/unsupervised/rbl/enrichment/query_sets/gene_sets/rbl__disease_recurrent_ge__2__down/genes.tsv	/work/ugbogu/pipeline/results/unsupervised/rbl/enrichment/query_sets/gene_sets/rbl__disease_recurrent_ge__2__down/background.tsv	/work/ugbogu/pipeline/results/unsupervised/rbl/enrichment/query_sets/gene_sets/rbl__disease_recurrent_ge__2__down/ranked_genes.tsv	0	19925	disease_recurrent | down | over-representation query	TRUE	fewer_than_min_genes
rbl__disease_recurrent_ge__2__up	disease_recurrent	rbl	rbl	recurrence_ge_2	""	up	FALSE	""	/work/ugbogu/pipeline/results/unsupervised/rbl/enrichment/query_sets/gene_sets/rbl__disease_recurrent_ge__2__up/genes.tsv	/work/ugbogu/pipeline/results/unsupervised/rbl/enrichment/query_sets/gene_sets/rbl__disease_recurrent_ge__2__up/background.tsv	/work/ugbogu/pipeline/results/unsupervised/rbl/enrichment/query_sets/gene_sets/rbl__disease_recurrent_ge__2__up/ranked_genes.tsv	0	19925	disease_recurrent | up | over-representation query	TRUE	fewer_than_min_genes
operative_feature_set__all	operative_feature_set	rbl	pan_cancer	operative_feature_set	""	all	FALSE	""	/work/ugbogu/pipeline/results/unsupervised/rbl/enrichment/query_sets/gene_sets/operative_feature_set__all/genes.tsv	/work/ugbogu/pipeline/results/unsupervised/rbl/enrichment/query_sets/gene_sets/operative_feature_set__all/background.tsv	/work/ugbogu/pipeline/results/unsupervised/rbl/enrichment/query_sets/gene_sets/operative_feature_set__all/ranked_genes.tsv	171	24106	operative_feature_set | all | over-representation query	FALSE	""
ordered_strict_union__down_ordered	ordered_strict_union	rbl	pan_cancer	strict_union	""	down_ordered	TRUE	median_abs_log2fc	/work/ugbogu/pipeline/results/unsupervised/rbl/enrichment/query_sets/gene_sets/ordered_strict_union__down_ordered/genes.tsv	/work/ugbogu/pipeline/results/unsupervised/rbl/enrichment/query_sets/gene_sets/ordered_strict_union__down_ordered/background.tsv	/work/ugbogu/pipeline/results/unsupervised/rbl/enrichment/query_sets/gene_sets/ordered_strict_union__down_ordered/ranked_genes.tsv	22	24106	ordered_strict_union | down_ordered | ordered enrichment; rank_stat is used	FALSE	""
ordered_strict_union__up_ordered	ordered_strict_union	rbl	pan_cancer	strict_union	""	up_ordered	TRUE	median_abs_log2fc	/work/ugbogu/pipeline/results/unsupervised/rbl/enrichment/query_sets/gene_sets/ordered_strict_union__up_ordered/genes.tsv	/work/ugbogu/pipeline/results/unsupervised/rbl/enrichment/query_sets/gene_sets/ordered_strict_union__up_ordered/background.tsv	/work/ugbogu/pipeline/results/unsupervised/rbl/enrichment/query_sets/gene_sets/ordered_strict_union__up_ordered/ranked_genes.tsv	1	24106	ordered_strict_union | up_ordered | ordered enrichment; rank_stat is used	TRUE	fewer_than_min_genes
rbl__per_contrast__anchor_RBL_18_vs_outside_component_0__all	per_contrast	rbl	rbl	isolate	anchor_RBL_18_vs_outside_component_0	all	FALSE	""	/work/ugbogu/pipeline/results/unsupervised/rbl/enrichment/query_sets/gene_sets/rbl__per_contrast__anchor_RBL_18_vs_outside_component_0__all/genes.tsv	/work/ugbogu/pipeline/results/unsupervised/rbl/enrichment/query_sets/gene_sets/rbl__per_contrast__anchor_RBL_18_vs_outside_component_0__all/background.tsv	/work/ugbogu/pipeline/results/unsupervised/rbl/enrichment/query_sets/gene_sets/rbl__per_contrast__anchor_RBL_18_vs_outside_component_0__all/ranked_genes.tsv	101	16777	per_contrast | all | over-representation query	FALSE	""
rbl__per_contrast__anchor_RBL_18_vs_outside_component_0__down	per_contrast	rbl	rbl	isolate	anchor_RBL_18_vs_outside_component_0	down	FALSE	""	/work/ugbogu/pipeline/results/unsupervised/rbl/enrichment/query_sets/gene_sets/rbl__per_contrast__anchor_RBL_18_vs_outside_component_0__down/genes.tsv	/work/ugbogu/pipeline/results/unsupervised/rbl/enrichment/query_sets/gene_sets/rbl__per_contrast__anchor_RBL_18_vs_outside_component_0__down/background.tsv	/work/ugbogu/pipeline/results/unsupervised/rbl/enrichment/query_sets/gene_sets/rbl__per_contrast__anchor_RBL_18_vs_outside_component_0__down/ranked_genes.tsv	81	16777	per_contrast | down | over-representation query	FALSE	""
rbl__per_contrast__anchor_RBL_18_vs_outside_component_0__up	per_contrast	rbl	rbl	isolate	anchor_RBL_18_vs_outside_component_0	up	FALSE	""	/work/ugbogu/pipeline/results/unsupervised/rbl/enrichment/query_sets/gene_sets/rbl__per_contrast__anchor_RBL_18_vs_outside_component_0__up/genes.tsv	/work/ugbogu/pipeline/results/unsupervised/rbl/enrichment/query_sets/gene_sets/rbl__per_contrast__anchor_RBL_18_vs_outside_component_0__up/background.tsv	/work/ugbogu/pipeline/results/unsupervised/rbl/enrichment/query_sets/gene_sets/rbl__per_contrast__anchor_RBL_18_vs_outside_component_0__up/ranked_genes.tsv	20	16777	per_contrast | up | over-representation query	FALSE	""
rbl__per_contrast__isolate_RBL_14_vs_rest__all	per_contrast	rbl	rbl	isolate	isolate_RBL_14_vs_rest	all	FALSE	""	/work/ugbogu/pipeline/results/unsupervised/rbl/enrichment/query_sets/gene_sets/rbl__per_contrast__isolate_RBL_14_vs_rest__all/genes.tsv	/work/ugbogu/pipeline/results/unsupervised/rbl/enrichment/query_sets/gene_sets/rbl__per_contrast__isolate_RBL_14_vs_rest__all/background.tsv	/work/ugbogu/pipeline/results/unsupervised/rbl/enrichment/query_sets/gene_sets/rbl__per_contrast__isolate_RBL_14_vs_rest__all/ranked_genes.tsv	23	17991	per_contrast | all | over-representation query	FALSE	""
rbl__per_contrast__isolate_RBL_14_vs_rest__down	per_contrast	rbl	rbl	isolate	isolate_RBL_14_vs_rest	down	FALSE	""	/work/ugbogu/pipeline/results/unsupervised/rbl/enrichment/query_sets/gene_sets/rbl__per_contrast__isolate_RBL_14_vs_rest__down/genes.tsv	/work/ugbogu/pipeline/results/unsupervised/rbl/enrichment/query_sets/gene_sets/rbl__per_contrast__isolate_RBL_14_vs_rest__down/background.tsv	/work/ugbogu/pipeline/results/unsupervised/rbl/enrichment/query_sets/gene_sets/rbl__per_contrast__isolate_RBL_14_vs_rest__down/ranked_genes.tsv	13	17991	per_contrast | down | over-representation query	FALSE	""
rbl__per_contrast__isolate_RBL_14_vs_rest__up	per_contrast	rbl	rbl	isolate	isolate_RBL_14_vs_rest	up	FALSE	""	/work/ugbogu/pipeline/results/unsupervised/rbl/enrichment/query_sets/gene_sets/rbl__per_contrast__isolate_RBL_14_vs_rest__up/genes.tsv	/work/ugbogu/pipeline/results/unsupervised/rbl/enrichment/query_sets/gene_sets/rbl__per_contrast__isolate_RBL_14_vs_rest__up/background.tsv	/work/ugbogu/pipeline/results/unsupervised/rbl/enrichment/query_sets/gene_sets/rbl__per_contrast__isolate_RBL_14_vs_rest__up/ranked_genes.tsv	10	17991	per_contrast | up | over-representation query	FALSE	""
rbl__per_contrast__isolate_RBL_7_vs_rest__all	per_contrast	rbl	rbl	isolate	isolate_RBL_7_vs_rest	all	FALSE	""	/work/ugbogu/pipeline/results/unsupervised/rbl/enrichment/query_sets/gene_sets/rbl__per_contrast__isolate_RBL_7_vs_rest__all/genes.tsv	/work/ugbogu/pipeline/results/unsupervised/rbl/enrichment/query_sets/gene_sets/rbl__per_contrast__isolate_RBL_7_vs_rest__all/background.tsv	/work/ugbogu/pipeline/results/unsupervised/rbl/enrichment/query_sets/gene_sets/rbl__per_contrast__isolate_RBL_7_vs_rest__all/ranked_genes.tsv	21	16702	per_contrast | all | over-representation query	FALSE	""
rbl__per_contrast__isolate_RBL_7_vs_rest__down	per_contrast	rbl	rbl	isolate	isolate_RBL_7_vs_rest	down	FALSE	""	/work/ugbogu/pipeline/results/unsupervised/rbl/enrichment/query_sets/gene_sets/rbl__per_contrast__isolate_RBL_7_vs_rest__down/genes.tsv	/work/ugbogu/pipeline/results/unsupervised/rbl/enrichment/query_sets/gene_sets/rbl__per_contrast__isolate_RBL_7_vs_rest__down/background.tsv	/work/ugbogu/pipeline/results/unsupervised/rbl/enrichment/query_sets/gene_sets/rbl__per_contrast__isolate_RBL_7_vs_rest__down/ranked_genes.tsv	17	16702	per_contrast | down | over-representation query	FALSE	""
rbl__per_contrast__isolate_RBL_7_vs_rest__up	per_contrast	rbl	rbl	isolate	isolate_RBL_7_vs_rest	up	FALSE	""	/work/ugbogu/pipeline/results/unsupervised/rbl/enrichment/query_sets/gene_sets/rbl__per_contrast__isolate_RBL_7_vs_rest__up/genes.tsv	/work/ugbogu/pipeline/results/unsupervised/rbl/enrichment/query_sets/gene_sets/rbl__per_contrast__isolate_RBL_7_vs_rest__up/background.tsv	/work/ugbogu/pipeline/results/unsupervised/rbl/enrichment/query_sets/gene_sets/rbl__per_contrast__isolate_RBL_7_vs_rest__up/ranked_genes.tsv	4	16702	per_contrast | up | over-representation query	TRUE	fewer_than_min_genes
rbl__per_contrast__isolate_WERI_RB1_vs_rest__all	per_contrast	rbl	rbl	isolate	isolate_WERI_RB1_vs_rest	all	FALSE	""	/work/ugbogu/pipeline/results/unsupervised/rbl/enrichment/query_sets/gene_sets/rbl__per_contrast__isolate_WERI_RB1_vs_rest__all/genes.tsv	/work/ugbogu/pipeline/results/unsupervised/rbl/enrichment/query_sets/gene_sets/rbl__per_contrast__isolate_WERI_RB1_vs_rest__all/background.tsv	/work/ugbogu/pipeline/results/unsupervised/rbl/enrichment/query_sets/gene_sets/rbl__per_contrast__isolate_WERI_RB1_vs_rest__all/ranked_genes.tsv	50	16670	per_contrast | all | over-representation query	FALSE	""
rbl__per_contrast__isolate_WERI_RB1_vs_rest__down	per_contrast	rbl	rbl	isolate	isolate_WERI_RB1_vs_rest	down	FALSE	""	/work/ugbogu/pipeline/results/unsupervised/rbl/enrichment/query_sets/gene_sets/rbl__per_contrast__isolate_WERI_RB1_vs_rest__down/genes.tsv	/work/ugbogu/pipeline/results/unsupervised/rbl/enrichment/query_sets/gene_sets/rbl__per_contrast__isolate_WERI_RB1_vs_rest__down/background.tsv	/work/ugbogu/pipeline/results/unsupervised/rbl/enrichment/query_sets/gene_sets/rbl__per_contrast__isolate_WERI_RB1_vs_rest__down/ranked_genes.tsv	10	16670	per_contrast | down | over-representation query	FALSE	""
rbl__per_contrast__isolate_WERI_RB1_vs_rest__up	per_contrast	rbl	rbl	isolate	isolate_WERI_RB1_vs_rest	up	FALSE	""	/work/ugbogu/pipeline/results/unsupervised/rbl/enrichment/query_sets/gene_sets/rbl__per_contrast__isolate_WERI_RB1_vs_rest__up/genes.tsv	/work/ugbogu/pipeline/results/unsupervised/rbl/enrichment/query_sets/gene_sets/rbl__per_contrast__isolate_WERI_RB1_vs_rest__up/background.tsv	/work/ugbogu/pipeline/results/unsupervised/rbl/enrichment/query_sets/gene_sets/rbl__per_contrast__isolate_WERI_RB1_vs_rest__up/ranked_genes.tsv	40	16670	per_contrast | up | over-representation query	FALSE	""
rbl__per_contrast__isolate_Y_79_vs_rest__all	per_contrast	rbl	rbl	isolate	isolate_Y_79_vs_rest	all	FALSE	""	/work/ugbogu/pipeline/results/unsupervised/rbl/enrichment/query_sets/gene_sets/rbl__per_contrast__isolate_Y_79_vs_rest__all/genes.tsv	/work/ugbogu/pipeline/results/unsupervised/rbl/enrichment/query_sets/gene_sets/rbl__per_contrast__isolate_Y_79_vs_rest__all/background.tsv	/work/ugbogu/pipeline/results/unsupervised/rbl/enrichment/query_sets/gene_sets/rbl__per_contrast__isolate_Y_79_vs_rest__all/ranked_genes.tsv	50	15317	per_contrast | all | over-representation query	FALSE	""
rbl__per_contrast__isolate_Y_79_vs_rest__down	per_contrast	rbl	rbl	isolate	isolate_Y_79_vs_rest	down	FALSE	""	/work/ugbogu/pipeline/results/unsupervised/rbl/enrichment/query_sets/gene_sets/rbl__per_contrast__isolate_Y_79_vs_rest__down/genes.tsv	/work/ugbogu/pipeline/results/unsupervised/rbl/enrichment/query_sets/gene_sets/rbl__per_contrast__isolate_Y_79_vs_rest__down/background.tsv	/work/ugbogu/pipeline/results/unsupervised/rbl/enrichment/query_sets/gene_sets/rbl__per_contrast__isolate_Y_79_vs_rest__down/ranked_genes.tsv	27	15317	per_contrast | down | over-representation query	FALSE	""
rbl__per_contrast__isolate_Y_79_vs_rest__up	per_contrast	rbl	rbl	isolate	isolate_Y_79_vs_rest	up	FALSE	""	/work/ugbogu/pipeline/results/unsupervised/rbl/enrichment/query_sets/gene_sets/rbl__per_contrast__isolate_Y_79_vs_rest__up/genes.tsv	/work/ugbogu/pipeline/results/unsupervised/rbl/enrichment/query_sets/gene_sets/rbl__per_contrast__isolate_Y_79_vs_rest__up/background.tsv	/work/ugbogu/pipeline/results/unsupervised/rbl/enrichment/query_sets/gene_sets/rbl__per_contrast__isolate_Y_79_vs_rest__up/ranked_genes.tsv	23	15317	per_contrast | up | over-representation query	FALSE	""
strict_union__all	strict_union	rbl	pan_cancer	strict_union	""	all	FALSE	""	/work/ugbogu/pipeline/results/unsupervised/rbl/enrichment/query_sets/gene_sets/strict_union__all/genes.tsv	/work/ugbogu/pipeline/results/unsupervised/rbl/enrichment/query_sets/gene_sets/strict_union__all/background.tsv	/work/ugbogu/pipeline/results/unsupervised/rbl/enrichment/query_sets/gene_sets/strict_union__all/ranked_genes.tsv	23	24106	strict_union | all | over-representation query	FALSE	""
strict_union__down	strict_union	rbl	pan_cancer	strict_union	""	down	FALSE	""	/work/ugbogu/pipeline/results/unsupervised/rbl/enrichment/query_sets/gene_sets/strict_union__down/genes.tsv	/work/ugbogu/pipeline/results/unsupervised/rbl/enrichment/query_sets/gene_sets/strict_union__down/background.tsv	/work/ugbogu/pipeline/results/unsupervised/rbl/enrichment/query_sets/gene_sets/strict_union__down/ranked_genes.tsv	22	24106	strict_union | down | over-representation query	FALSE	""
strict_union__up	strict_union	rbl	pan_cancer	strict_union	""	up	FALSE	""	/work/ugbogu/pipeline/results/unsupervised/rbl/enrichment/query_sets/gene_sets/strict_union__up/genes.tsv	/work/ugbogu/pipeline/results/unsupervised/rbl/enrichment/query_sets/gene_sets/strict_union__up/background.tsv	/work/ugbogu/pipeline/results/unsupervised/rbl/enrichment/query_sets/gene_sets/strict_union__up/ranked_genes.tsv	1	24106	strict_union | up | over-representation query	TRUE	fewer_than_min_genes
