Cell_Line,group1,group2,Description,Project_id,Disease,Origin,Stage,Primary.Metastatic,Age.at.diagnosis..months.,MYCN.amplification,Laterality.of.tumour,RB1.mutation.allele.1...allele.2,DSMZ_Cell_line_norm,PATHS,LIBRARY,PATH_CELL_LINE,PATH_alt_id,sample_name,organ,tcga_codes
CAL-120,Breast adenocarcinoma,Breast cancer,Breast cancer;basal_like;Breast adenocarcinoma;triple_negative,NG-29643,NA,Breast adenocarcinoma,invasive,M,NONE,NONE,NONE,NONE,CAL_120,./NG-29643/2022-04-04/NG-29643_CAL_120_lib581301_8005_3_1.fastq.gz,lib581301_8005_3,CAL_120,NONE,NG-29643_CAL_120_lib581301_8005_3,Breast,BRCA
CAL-148,Breast adenocarcinoma,Breast cancer,Breast cancer;luminal;Breast adenocarcinoma;triple_negative,NG-29643,NA,Breast adenocarcinoma,invasive,M,NONE,NONE,NONE,NONE,CAL_148,./NG-29643/2022-03-28/NG-29643_CAL_148_lib581302_7997_4_1.fastq.gz,lib581302_7997_4,CAL_148,NONE,NG-29643_CAL_148_lib581302_7997_4,Breast,BRCA
CAL-51,Breast adenocarcinoma,Breast cancer,Breast cancer;basal_like;Breast adenocarcinoma;triple_negative,NG-29643,NA,Breast adenocarcinoma,invasive,M,NONE,NONE,NONE,NONE,CAL_51,./NG-29643/2022-03-28/NG-29643_CAL_51_lib581295_7997_4_1.fastq.gz,lib581295_7997_4,CAL_51,NONE,NG-29643_CAL_51_lib581295_7997_4,Breast,BRCA
CAL-85-1,Breast adenocarcinoma,Breast cancer,Breast cancer;basal_like;Breast adenocarcinoma;triple_negative,NG-29643,NA,Breast adenocarcinoma,invasive,M,NONE,NONE,NONE,NONE,CAL_85_1,./NG-29643/2022-03-28/NG-29643_CAL_85_1_lib581300_7997_4_1.fastq.gz,lib581300_7997_4,CAL_85_1,NONE,NG-29643_CAL_85_1_lib581300_7997_4,Breast,BRCA
COLO-824,Breast carcinoma,Breast cancer,Breast cancer;basal_like;Breast carcinoma;,NG-29643,NA,Breast carcinoma,invasive,M,NONE,NONE,NONE,NONE,COLO_824,./NG-29643/2022-03-28/NG-29643_COLO_824_lib581290_7997_4_1.fastq.gz,lib581290_7997_4,COLO_824,NONE,NG-29643_COLO_824_lib581290_7997_4,Breast,BRCA
DU-4475,Breast ductal carcinoma,Breast cancer,Breast cancer;luminal;Breast ductal carcinoma;triple_negative,NG-29643,NA,Breast ductal carcinoma,invasive,M,NONE,NONE,NONE,NONE,DU_4475,./NG-29643/2022-03-28/NG-29643_DU_4475_lib581298_7997_4_1.fastq.gz,lib581298_7997_4,DU_4475,NONE,NG-29643_DU_4475_lib581298_7997_4,Breast,BRCA
EFM-19,Breast ductal carcinoma,Breast cancer,Breast cancer;luminal;Breast ductal carcinoma;,NG-29643,NA,Breast ductal carcinoma,invasive,M,NONE,NONE,NONE,NONE,EFM_19,./NG-29643/2022-03-28/NG-29643_EFM_19_lib581291_7997_4_1.fastq.gz,lib581291_7997_4,EFM_19,NONE,NG-29643_EFM_19_lib581291_7997_4,Breast,BRCA
EFM-192A,Breast adenocarcinoma,Breast cancer,Breast cancer;luminal;Breast adenocarcinoma;,NG-29643,NA,Breast adenocarcinoma,invasive,M,NONE,NONE,NONE,NONE,EFM_192A,./NG-29643/2022-03-28/NG-29643_EFM_192A_lib581292_7997_4_1.fastq.gz,lib581292_7997_4,EFM_192A,NONE,NG-29643_EFM_192A_lib581292_7997_4,Breast,BRCA
EFM-192B,Breast adenocarcinoma,Breast cancer,Breast cancer;luminal;Breast adenocarcinoma;,NG-29643,NA,Breast adenocarcinoma,invasive,M,NONE,NONE,NONE,NONE,EFM_192B,./NG-29643/2022-03-28/NG-29643_EFM_192B_lib581293_7997_4_1.fastq.gz,lib581293_7997_4,EFM_192B,NONE,NG-29643_EFM_192B_lib581293_7997_4,Breast,BRCA
EFM-192C,Breast adenocarcinoma,Breast cancer,Breast cancer;luminal;Breast adenocarcinoma;,NG-29643,NA,Breast adenocarcinoma,invasive,M,NONE,NONE,NONE,NONE,EFM_192C,./NG-29643/2022-03-28/NG-29643_EFM_192C_lib581294_7997_4_1.fastq.gz,lib581294_7997_4,EFM_192C,NONE,NG-29643_EFM_192C_lib581294_7997_4,Breast,BRCA
ETCC-006,Breast ductal carcinoma,Breast cancer,Breast cancer;basal_like;Breast ductal carcinoma;triple_negative,NG-29643,NA,Breast ductal carcinoma,in situ,P,NONE,NONE,NONE,NONE,ETCC_006,./NG-29643/2022-04-04/NG-29643_ETCC_006_lib581311_8005_3_1.fastq.gz,lib581311_8005_3,ETCC_006,NONE,NG-29643_ETCC_006_lib581311_8005_3,Breast,BRCA
ETCC-007,Breast ductal carcinoma,Breast cancer,Breast cancer;luminal;Breast ductal carcinoma;triple_negative,NG-29643,NA,Breast ductal carcinoma,in situ,P,NONE,NONE,NONE,NONE,ETCC_007,./NG-29643/2022-03-28/NG-29643_ETCC_007_lib581312_7997_4_1.fastq.gz,lib581312_7997_4,ETCC_007,NONE,NG-29643_ETCC_007_lib581312_7997_4,Breast,BRCA
EVSA-T,Breast carcinoma,Breast cancer,Breast cancer;luminal;Breast carcinoma;,NG-29643,NA,Breast carcinoma,invasive,M,NONE,NONE,NONE,NONE,EVSA_T,./NG-29643/2022-03-28/NG-29643_EVSA_T_lib581299_7997_4_1.fastq.gz,lib581299_7997_4,EVSA_T,NONE,NG-29643_EVSA_T_lib581299_7997_4,Breast,BRCA
HCC-1143,Breast ductal carcinoma,Breast cancer,Breast cancer;basal_like;Breast ductal carcinoma;triple_negative,NG-29643,NA,Breast ductal carcinoma,invasive,P,NONE,NONE,NONE,NONE,HCC_1143,./NG-29643/2022-03-28/NG-29643_HCC_1143_lib581306_7997_4_1.fastq.gz,lib581306_7997_4,HCC_1143,NONE,NG-29643_HCC_1143_lib581306_7997_4,Breast,BRCA
HCC-1599,Breast ductal carcinoma,Breast cancer,Breast cancer;basal_like;Breast ductal carcinoma;triple_negative,NG-29643,NA,Breast ductal carcinoma,invasive,P,NONE,NONE,NONE,NONE,HCC_1599,./NG-29643/2022-03-28/NG-29643_HCC_1599_lib581304_7997_4_1.fastq.gz,lib581304_7997_4,HCC_1599,NONE,NG-29643_HCC_1599_lib581304_7997_4,Breast,BRCA
HCC-1937,Breast ductal carcinoma,Breast cancer,Breast cancer;basal_like;Breast ductal carcinoma;triple_negative,NG-29643,NA,Breast ductal carcinoma,invasive,P,NONE,NONE,NONE,NONE,HCC_1937,./NG-29643/2022-03-28/NG-29643_HCC_1937_lib581305_7997_4_1.fastq.gz,lib581305_7997_4,HCC_1937,NONE,NG-29643_HCC_1937_lib581305_7997_4,Breast,BRCA
HDQ-P1,Breast ductal carcinoma,Breast cancer,Breast cancer;luminal;Breast ductal carcinoma;triple_negative,NG-29643,NA,Breast ductal carcinoma,invasive,P,NONE,NONE,NONE,NONE,HDQ_P1,./NG-29643/2022-04-04/NG-29643_HDQ_P1_lib581303_8005_3_1.fastq.gz,lib581303_8005_3,HDQ_P1,NONE,NG-29643_HDQ_P1_lib581303_8005_3,Breast,BRCA
HS-578T,Breast ductal carcinoma,Breast cancer,Breast cancer;luminal;Breast ductal carcinoma;triple_negative,NG-29643,NA,Breast carcinosarcoma,invasive,P,NONE,NONE,NONE,NONE,HS_578T,./NG-30919/2022-09-12/NG-30919_HS_578T_B_lib628473_10098_2_1.fastq.gz,lib628473_10098_2,HS_578T_B,HS_578T,NG-30919_HS_578T_B_lib628473_10098_2,Breast,BRCA
IPH-926,Breast lobular carcinoma,Breast cancer,Breast cancer;luminal;Breast lobular carcinoma;,NG-29643,NA,Breast lobular carcinoma,invasive,M,NONE,NONE,NONE,NONE,IPH_926,./NG-29643/2022-03-28/NG-29643_IPH_926_lib581313_7997_4_1.fastq.gz,lib581313_7997_4,IPH_926,NONE,NG-29643_IPH_926_lib581313_7997_4,Breast,BRCA
JIMT-1,Breast ductal carcinoma,Breast cancer,Breast cancer;luminal;Breast ductal carcinoma;,NG-29643,NA,Breast ductal carcinoma,invasive,M,NONE,NONE,NONE,NONE,JIMT_1,./NG-29643/2022-03-28/NG-29643_JIMT_1_B_lib581287_7997_4_1.fastq.gz,lib581287_7997_4,JIMT_1,NONE,NG-29643_JIMT_1_B_lib581287_7997_4,Breast,BRCA
KPL-1,Breast adenocarcinoma,Breast cancer,Breast cancer;luminal;Breast adenocarcinoma;,NG-29643,NA,Breast adenocarcinoma,invasive,M,NONE,NONE,NONE,NONE,KPL_1,./NG-29643/2022-03-28/NG-29643_KPL_1_lib581296_7997_4_1.fastq.gz,lib581296_7997_4,KPL_1,NONE,NG-29643_KPL_1_lib581296_7997_4,Breast,BRCA
MCF-7,Breast adenocarcinoma,Breast cancer,Breast cancer;luminal;Breast adenocarcinoma;,NG-29643,NA,Breast adenocarcinoma,invasive,M,NONE,NONE,NONE,NONE,MCF_7,./NG-29643/2022-03-28/NG-29643_MCF_7_lib581315_7997_4_1.fastq.gz,lib581315_7997_4,MCF_7,NONE,NG-29643_MCF_7_lib581315_7997_4,Breast,BRCA
MDA-MB-231,Breast carcinoma,Breast cancer,Breast cancer;basal_like;Breast carcinoma;triple_negative,NG-29643,NA,Breast carcinoma,invasive,M,NONE,NONE,NONE,NONE,MDA_MB_231,./NG-29643/2022-04-04/NG-29643_MDA_MB_231_lib581314_8005_3_1.fastq.gz,lib581314_8005_3,MDA_MB_231,NONE,NG-29643_MDA_MB_231_lib581314_8005_3,Breast,BRCA
MDA-MB-453,Breast carcinoma,Breast cancer,Breast cancer;luminal;Breast carcinoma;,NG-29643,NA,Breast carcinoma,invasive,M,NONE,NONE,NONE,NONE,MDA_MB_453,./NG-29643/2022-03-28/NG-29643_MDA_MB_453_lib581289_7997_4_1.fastq.gz,lib581289_7997_4,MDA_MB_453,NONE,NG-29643_MDA_MB_453_lib581289_7997_4,Breast,BRCA
MDA-MB-468,Breast carcinoma,Breast cancer,Breast cancer;basal_like;Breast carcinoma;,NG-29643,NA,Breast carcinoma,invasive,M,NONE,NONE,NONE,NONE,MDA_MB_468,./NG-30919/2022-09-12/NG-30919_MDA_MB_468_B_lib628474_10098_2_1.fastq.gz,lib628474_10098_2,MDA_MB_468_B,MDA_MB_468,NG-30919_MDA_MB_468_B_lib628474_10098_2,Breast,BRCA
MFM-223,Breast ductal carcinoma,Breast cancer,Breast cancer;luminal;Breast ductal carcinoma;triple_negative,NG-29643,NA,Breast ductal carcinoma,invasive,M,NONE,NONE,NONE,NONE,MFM_223,./NG-29643/2022-03-28/NG-29643_MFM_223_lib581297_7997_4_1.fastq.gz,lib581297_7997_4,MFM_223,NONE,NG-29643_MFM_223_lib581297_7997_4,Breast,BRCA
SK-BR-3,Breast adenocarcinoma,Breast cancer,Breast cancer;luminal;Breast adenocarcinoma;,NG-29643,NA,Breast adenocarcinoma,invasive,M,NONE,NONE,NONE,NONE,SK_BR_3,./NG-29643/2022-03-28/NG-29643_SK_BR_3_lib581307_7997_4_1.fastq.gz,lib581307_7997_4,SK_BR_3,NONE,NG-29643_SK_BR_3_lib581307_7997_4,Breast,BRCA
T-47D,Breast carcinoma,Breast cancer,Breast cancer;luminal;Breast carcinoma;,NG-29643,NA,Breast ductal carcinoma,invasive,M,NONE,NONE,NONE,NONE,T_47D,./NG-29643/2022-04-04/NG-29643_T_47D_lib581309_8005_3_1.fastq.gz,lib581309_8005_3,T_47D,NONE,NG-29643_T_47D_lib581309_8005_3,Breast,BRCA
BC-3,PEL,LL-100,leukemia and lymphoma panel,NG-13640,Primary effusion lymphoma,NA,NONE,NONE,NONE,NONE,NONE,NONE,BC_3,./NG-13640/2018-01-15/NG-13640_BC3_lib236396_5774_5_1.fastq.gz,lib236396_5774_5,BC_3,BC3,NG-13640_BC3_lib236396_5774_5,Lymphoid,DLBC
BCBL-1,PEL,LL-100,leukemia and lymphoma panel,NG-13640,Primary effusion lymphoma,NA,NONE,NONE,NONE,NONE,NONE,NONE,BCBL_1,./NG-13640/2018-01-29/NG-13640_BCBL_1_lib241208_5808_6_1.fastq.gz,lib241208_5808_6,BCBL_1,NONE,NG-13640_BCBL_1_lib241208_5808_6,Lymphoid,DLBC
BJAB,BURKITT B ALL,LL-100,leukemia and lymphoma panel,NG-13640,NONE,NA,NONE,NONE,NONE,NONE,NONE,NONE,BJAB,./NG-13640/2017-12-04/NG-13640_BJAB_lib227474_5697_7_1.fastq.gz,lib227474_5697_7,BJAB,NONE,NG-13640_BJAB_lib227474_5697_7,Hematologic,DLBC;LAML
BONNA-12,HCL,LL-100,leukemia and lymphoma panel,NG-13640,Hairy cell leukemia,NA,NONE,NONE,NONE,NONE,NONE,NONE,BONNA_12,./NG-13640/2018-01-15/NG-13640_BONNA12_lib236392_5774_5_1.fastq.gz,lib236392_5774_5,BONNA12,BONNA_12,NG-13640_BONNA12_lib236392_5774_5,Lymphoid,DLBC
BV-173,CML_lympho,LL-100,leukemia and lymphoma panel,NG-13640,"Chronic myeloid leukemia, myeloid blast crisis",NA,NONE,NONE,NONE,NONE,NONE,NONE,BV_173,./NG-13640/2017-11-20/NG-13640_BV_173_lib227468_5681_8_1.fastq.gz,lib227468_5681_8,BV_173,NONE,NG-13640_BV_173_lib227468_5681_8,Myeloid,LAML
CCRF-CEM,T_ALL_TLL,LL-100,leukemia and lymphoma panel,NG-13640,T-acute lymphoblastic leukemia / T-lymphoblastic lymphoma,NA,NONE,NONE,NONE,NONE,NONE,NONE,CCRF_CEM,./NG-13640/2018-02-02/NG-13640_CCRF_CEM_lib241217_5826_6_1.fastq.gz,lib241217_5826_6,CCRF_CEM,NONE,NG-13640_CCRF_CEM_lib241217_5826_6,Lymphoid,DLBC
CMK,AML_mega,LL-100,leukemia and lymphoma panel,NG-13640,"Acute myeloid leukemia, megakaryocytic",NA,NONE,NONE,NONE,NONE,NONE,NONE,CMK,./NG-13640/2018-05-11/NG-13640_CMK_lib259808_5981_3_1.fastq.gz,lib259808_5981_3,CMK,NONE,NG-13640_CMK_lib259808_5981_3,Myeloid,LAML
CML-T1,CML_lympho,LL-100,leukemia and lymphoma panel,NG-13640,"Chronic myeloid leukemia, myeloid blast crisis",NA,NONE,NONE,NONE,NONE,NONE,NONE,CML_T1,./NG-13640/2018-05-11/NG-13640_CML_T1_lib259818_5981_7_1.fastq.gz,lib259818_5981_7,CML_T1,NONE,NG-13640_CML_T1_lib259818_5981_7,Myeloid,LAML
CRO-AP2,PEL,LL-100,leukemia and lymphoma panel,NG-13640,Primary effusion lymphoma,NA,NONE,NONE,NONE,NONE,NONE,NONE,CRO_AP2,./NG-13640/2018-01-29/NG-13640_CRO_AP2_lib241209_5808_6_1.fastq.gz,lib241209_5808_6,CRO_AP2,NONE,NG-13640_CRO_AP2_lib241209_5808_6,Lymphoid,DLBC
CRO-AP5,PEL,LL-100,leukemia and lymphoma panel,NG-13640,Primary effusion lymphoma,NA,NONE,NONE,NONE,NONE,NONE,NONE,CRO_AP5,./NG-13640/2017-11-24/NG-13640_CRO_AP5_lib227485_5684_6_1.fastq.gz,lib227485_5684_6,CRO_AP5,NONE,NG-13640_CRO_AP5_lib227485_5684_6,Lymphoid,DLBC
DAUDI,BURKITT B ALL,LL-100,leukemia and lymphoma panel,NG-13640,NONE,NA,NONE,NONE,NONE,NONE,NONE,NONE,DAUDI,./NG-13640/2017-12-04/NG-13640_DAUDI_lib227475_5697_7_1.fastq.gz,lib227475_5697_7,DAUDI,NONE,NG-13640_DAUDI_lib227475_5697_7,Hematologic,DLBC;LAML
DEL,ALCL,LL-100,leukemia and lymphoma panel,NG-13640,Anaplastic large cell lymphoma,NA,NONE,NONE,NONE,NONE,NONE,NONE,DEL,./NG-13640/2018-03-16/NG-13640_DEL_lib250969_5908_5_1.fastq.gz,lib250969_5908_5,DEL,NONE,NG-13640_DEL_lib250969_5908_5,Lymphoid,DLBC
DERL-7,M T MAL,LL-100,leukemia and lymphoma panel,NG-13640,NONE,NA,NONE,NONE,NONE,NONE,NONE,NONE,DERL_7,./NG-13640/2018-01-12/NG-13640_DERL7_lib236383_5767_8_1.fastq.gz,lib236383_5767_8,DERL7,DERL_7,NG-13640_DERL7_lib236383_5767_8,Hematologic,DLBC;LAML
DND-41,T_ALL_TLL,LL-100,leukemia and lymphoma panel,NG-13640,T-acute lymphoblastic leukemia / T-lymphoblastic lymphoma,NA,NONE,NONE,NONE,NONE,NONE,NONE,DND_41,./NG-13640/2018-01-29/NG-13640_DND_41_lib241218_5808_7_1.fastq.gz,lib241218_5808_7,DND_41,NONE,NG-13640_DND_41_lib241218_5808_7,Lymphoid,DLBC
DOHH-2,DLBCL_GCB,LL-100,leukemia and lymphoma panel,NG-13640,"Diffuse large B-cell lymphoma, germinal center B-cell",NA,NONE,NONE,NONE,NONE,NONE,NONE,DOHH_2,./NG-13640/2018-01-15/NG-13640_DOHH2_lib236386_5774_8_1.fastq.gz,lib236386_5774_8,DOHH2,DOHH_2,NG-13640_DOHH2_lib236386_5774_8,Lymphoid,DLBC
ELF-153,AML_mega,LL-100,leukemia and lymphoma panel,NG-13640,"Acute myeloid leukemia, megakaryocytic",NA,NONE,NONE,NONE,NONE,NONE,NONE,ELF_153,./NG-13640/2018-05-11/NG-13640_ELF_153_lib259809_5981_3_1.fastq.gz,lib259809_5981_3,ELF_153,NONE,NG-13640_ELF_153_lib259809_5981_3,Myeloid,LAML
EM-2,CML_myelo,LL-100,leukemia and lymphoma panel,NG-13640,"Chronic myeloid leukemia, myeloid blast crisis",NA,NONE,NONE,NONE,NONE,NONE,NONE,EM_2,./NG-13640/2018-05-11/NG-13640_EM_2_lib259814_5981_7_1.fastq.gz,lib259814_5981_7,EM_2,NONE,NG-13640_EM_2_lib259814_5981_7,Myeloid,LAML
EOL-1,AML_myelo,LL-100,leukemia and lymphoma panel,NG-13640,"Acute myeloid leukemia, myelocytic",NA,NONE,NONE,NONE,NONE,NONE,NONE,EOL_1,./NG-13640/2018-03-06/NG-13640_EOL_1_lib248390_5885_6_1.fastq.gz,lib248390_5885_6,EOL_1,NONE,NG-13640_EOL_1_lib248390_5885_6,Myeloid,LAML
F-36P,AML_ery,LL-100,leukemia and lymphoma panel,NG-13640,"Acute myeloid leukemia, erythroid",NA,NONE,NONE,NONE,NONE,NONE,NONE,F_36P,./NG-13640/2018-03-06/NG-13640_F_36P_lib248396_5885_1_1.fastq.gz,lib248396_5885_1,F_36P,NONE,NG-13640_F_36P_lib248396_5885_1,Myeloid,LAML
GRANTA-519,MCL,LL-100,leukemia and lymphoma panel,NG-13640,Mantle cell lymphoma,NA,NONE,NONE,NONE,NONE,NONE,NONE,GRANTA_519,./NG-13640/2018-01-29/NG-13640_GRANTA_519_lib241206_5808_6_1.fastq.gz,lib241206_5808_6,GRANTA_519,NONE,NG-13640_GRANTA_519_lib241206_5808_6,Lymphoid,DLBC
HAIR-M,HCL,LL-100,leukemia and lymphoma panel,NG-13640,Hairy cell leukemia,NA,NONE,NONE,NONE,NONE,NONE,NONE,HAIR_M,./NG-13640/2018-01-15/NG-13640_HAIRM_lib236393_5774_5_1.fastq.gz,lib236393_5774_5,HAIRM,HAIR_M,NG-13640_HAIRM_lib236393_5774_5,Lymphoid,DLBC
HC-1,HCL,LL-100,leukemia and lymphoma panel,NG-13640,Hairy cell leukemia,NA,NONE,NONE,NONE,NONE,NONE,NONE,HC_1,./NG-13640/2018-01-15/NG-13640_HC1_lib236394_5774_5_1.fastq.gz,lib236394_5774_5,HC1,HC_1,NG-13640_HC1_lib236394_5774_5,Lymphoid,DLBC
HDLM-2,HL,LL-100,leukemia and lymphoma panel,NG-13640,Hodgkin lymphoma,NA,NONE,NONE,NONE,NONE,NONE,NONE,HDLM_2,./NG-13640/2017-12-04/NG-13640_HDLM_2_lib227487_5697_4_1.fastq.gz,lib227487_5697_4,HDLM_2,NONE,NG-13640_HDLM_2_lib227487_5697_4,Lymphoid,DLBC
HEL,AML_ery,LL-100,leukemia and lymphoma panel,NG-13640,"Acute myeloid leukemia, erythroid",NA,NONE,NONE,NONE,NONE,NONE,NONE,HEL,./NG-13640/2018-03-06/NG-13640_HEL_lib248397_5885_1_1.fastq.gz,lib248397_5885_1,HEL,NONE,NG-13640_HEL_lib248397_5885_1,Myeloid,LAML
HG-3,PLL,LL-100,leukemia and lymphoma panel,NG-13640,NONE,NA,NONE,NONE,NONE,NONE,NONE,NONE,HG_3,./NG-13640/2017-12-04/NG-13640_HG_3_lib227479_5697_4_1.fastq.gz,lib227479_5697_4,HG_3,NONE,NG-13640_HG_3_lib227479_5697_4,Hematologic,DLBC;LAML
HH,M T MAL,LL-100,leukemia and lymphoma panel,NG-13640,NONE,NA,NONE,NONE,NONE,NONE,NONE,NONE,HH,./NG-13640/2018-01-29/NG-13640_HH_lib241222_5808_1_1.fastq.gz,lib241222_5808_1,HH,NONE,NG-13640_HH_lib241222_5808_1,Hematologic,DLBC;LAML
HL-60,AML_myelo,LL-100,leukemia and lymphoma panel,NG-13640,"Acute myeloid leukemia, myelocytic",NA,NONE,NONE,NONE,NONE,NONE,NONE,HL_60,./NG-13640/2018-01-12/NG-13640_HL60_lib236384_5767_8_1.fastq.gz,lib236384_5767_8,HL60,HL_60,NG-13640_HL60_lib236384_5767_8,Myeloid,LAML
HPB-ALL,T_ALL_TLL,LL-100,leukemia and lymphoma panel,NG-13640,T-acute lymphoblastic leukemia / T-lymphoblastic lymphoma,NA,NONE,NONE,NONE,NONE,NONE,NONE,HPB_ALL,./NG-13640/2018-01-29/NG-13640_HPB_ALL_lib241219_5808_7_1.fastq.gz,lib241219_5808_7,HPB_ALL,NONE,NG-13640_HPB_ALL_lib241219_5808_7,Lymphoid,DLBC
HT-1080,S_FISA,LL-100,leukemia and lymphoma panel,NG-13640,NONE,NA,NONE,NONE,NONE,NONE,NONE,NONE,HT_1080,./NG-13640/2018-05-14/NG-13640_HT_1080_lib259823_5972_8_1.fastq.gz,lib259823_5972_8,HT_1080_5972_8,HT_1080,NG-13640_HT_1080_lib259823_5972_8,Hematologic,DLBC;LAML
HT-1080,S_FISA,LL-100,leukemia and lymphoma panel,NG-13640,NONE,NA,NONE,NONE,NONE,NONE,NONE,NONE,HT_1080,./NG-13640/2018-05-14/NG-13640_HT_1080_lib259823_5988_1_1.fastq.gz,lib259823_5988_1,HT_1080_5988_1,HT_1080,NG-13640_HT_1080_lib259823_5988_1,Hematologic,DLBC;LAML
JEKO-1,MCL,LL-100,leukemia and lymphoma panel,NG-13640,Mantle cell lymphoma,NA,NONE,NONE,NONE,NONE,NONE,NONE,JEKO_1,./NG-13640/2018-01-15/NG-13640_JEKO1_lib236395_5774_5_1.fastq.gz,lib236395_5774_5,JEKO1,JEKO_1,NG-13640_JEKO1_lib236395_5774_5,Lymphoid,DLBC
JURKAT,T_ALL_TLL,LL-100,leukemia and lymphoma panel,NG-13640,T-acute lymphoblastic leukemia / T-lymphoblastic lymphoma,NA,NONE,NONE,NONE,NONE,NONE,NONE,JURKAT,./NG-13640/2018-01-19/NG-13640_JURKAT_lib236382_5794_6_1.fastq.gz,lib236382_5794_6,JURKAT,NONE,NG-13640_JURKAT_lib236382_5794_6,Lymphoid,DLBC
JVM-13,PLL,LL-100,leukemia and lymphoma panel,NG-13640,NONE,NA,NONE,NONE,NONE,NONE,NONE,NONE,JVM_13,./NG-13640/2017-12-04/NG-13640_JVM_13_lib227481_5697_4_1.fastq.gz,lib227481_5697_4,JVM_13,NONE,NG-13640_JVM_13_lib227481_5697_4,Hematologic,DLBC;LAML
JVM-2,MCL,LL-100,leukemia and lymphoma panel,NG-13640,Mantle cell lymphoma,NA,NONE,NONE,NONE,NONE,NONE,NONE,JVM_2,./NG-13640/2018-01-12/NG-13640_JVM2_lib236381_5767_8_1.fastq.gz,lib236381_5767_8,JVM2,JVM_2,NG-13640_JVM2_lib236381_5767_8,Lymphoid,DLBC
JVM-3,PLL,LL-100,leukemia and lymphoma panel,NG-13640,NONE,NA,NONE,NONE,NONE,NONE,NONE,NONE,JVM_3,./NG-13640/2017-12-04/NG-13640_JVM_3_lib227480_5697_4_1.fastq.gz,lib227480_5697_4,JVM_3,NONE,NG-13640_JVM_3_lib227480_5697_4,Hematologic,DLBC;LAML
K-562,CML_myelo,LL-100,leukemia and lymphoma panel,NG-13640,"Chronic myeloid leukemia, myeloid blast crisis",NA,NONE,NONE,NONE,NONE,NONE,NONE,K_562,./NG-13640/NG-13640_K_562_RNA_lib206692_5568_1_1.fastq.gz,lib206692_5568_1,K_562,NONE,NG-13640_K_562_RNA_lib206692_5568_1,Myeloid,LAML
KASUMI-1,AML_myelo,LL-100,leukemia and lymphoma panel,NG-13640,"Acute myeloid leukemia, myelocytic",NA,NONE,NONE,NONE,NONE,NONE,NONE,KASUMI_1,./NG-13640/NG-13640_KASUMI_1_RNA_lib206691_5568_1_1.fastq.gz,lib206691_5568_1,KASUMI_1_RNA,NONE,NG-13640_KASUMI_1_RNA_lib206691_5568_1,Myeloid,LAML
KCL-22,CML_myelo,LL-100,leukemia and lymphoma panel,NG-13640,"Chronic myeloid leukemia, myeloid blast crisis",NA,NONE,NONE,NONE,NONE,NONE,NONE,KCL_22,./NG-13640/2018-05-11/NG-13640_KCL_22_lib259815_5981_7_1.fastq.gz,lib259815_5981_7,KCL_22,NONE,NG-13640_KCL_22_lib259815_5981_7,Myeloid,LAML
KG-1,AML_myelo,LL-100,leukemia and lymphoma panel,NG-13640,"Acute myeloid leukemia, myelocytic",NA,NONE,NONE,NONE,NONE,NONE,NONE,KG_1,./NG-13640/2018-03-06/NG-13640_KG_1_lib248391_5885_6_1.fastq.gz,lib248391_5885_6,KG_1,NONE,NG-13640_KG_1_lib248391_5885_6,Myeloid,LAML
KHYG-1,NK MAL,LL-100,leukemia and lymphoma panel,NG-13640,Natural killer malignancy,NA,NONE,NONE,NONE,NONE,NONE,NONE,KHYG_1,./NG-13640/2018-03-06/NG-13640_KHYG_1_lib248382_5885_5_1.fastq.gz,lib248382_5885_5,KHYG_1,NONE,NG-13640_KHYG_1_lib248382_5885_5,Lymphoid,DLBC
KM-H2,HL,LL-100,leukemia and lymphoma panel,NG-13640,Hodgkin lymphoma,NA,NONE,NONE,NONE,NONE,NONE,NONE,KM_H2,./NG-13640/2018-03-20/NG-13640_KM_H2_lib248380_5885_5_1.fastq.gz,lib248380_5885_5,KM_H2_5885_5,KM_H2,NG-13640_KM_H2_lib248380_5885_5,Lymphoid,DLBC
KM-H2,HL,LL-100,leukemia and lymphoma panel,NG-13640,Hodgkin lymphoma,NA,NONE,NONE,NONE,NONE,NONE,NONE,KM_H2,./NG-13640/2018-03-20/NG-13640_KM_H2_lib248380_5904_3_1.fastq.gz,lib248380_5904_3,KM_H2_5904_3,KM_H2,NG-13640_KM_H2_lib248380_5904_3,Lymphoid,DLBC
KMS-12-BM,MM_PCL,LL-100,leukemia and lymphoma panel,NG-13640,"Multiple myeloma, plasma cell leukemia",NA,NONE,NONE,NONE,NONE,NONE,NONE,KMS_12_BM,./NG-13640/2018-03-06/NG-13640_KMS_12_BM_lib248379_5885_5_1.fastq.gz,lib248379_5885_5,KMS_12_BM,KMS_12,NG-13640_KMS_12_BM_lib248379_5885_5,Lymphoid,DLBC
KOPN-8,Pre-B-ALL,LL-100,leukemia and lymphoma panel,NG-13640,B-cell precursor / pre-B-acute lymphoblastic leukemia,NA,NONE,NONE,NONE,NONE,NONE,NONE,KOPN_8,./NG-13640/2017-12-04/NG-13640_KOPN_8_lib227470_5697_7_1.fastq.gz,lib227470_5697_7,KOPN_8,NONE,NG-13640_KOPN_8_lib227470_5697_7,Lymphoid,DLBC
KU-812,CML_myelo,LL-100,leukemia and lymphoma panel,NG-13640,"Chronic myeloid leukemia, myeloid blast crisis",NA,NONE,NONE,NONE,NONE,NONE,NONE,KU_812,./NG-13640/2018-01-12/NG-13640_KU812_lib236377_5767_8_1.fastq.gz,lib236377_5767_8,KU812,KU_812,NG-13640_KU812_lib236377_5767_8,Myeloid,LAML
L-1236,HL,LL-100,leukemia and lymphoma panel,NG-13640,Hodgkin lymphoma,NA,NONE,NONE,NONE,NONE,NONE,NONE,L_1236,./NG-13640/2018-01-29/NG-13640_L_1236_lib241215_5808_7_1.fastq.gz,lib241215_5808_7,L_1236,NONE,NG-13640_L_1236_lib241215_5808_7,Lymphoid,DLBC
L-363,MM_PCL,LL-100,leukemia and lymphoma panel,NG-13640,"Multiple myeloma, plasma cell leukemia",NA,NONE,NONE,NONE,NONE,NONE,NONE,L_363,./NG-13640/2018-01-29/NG-13640_L_363_lib241210_5808_6_1.fastq.gz,lib241210_5808_6,L_363,NONE,NG-13640_L_363_lib241210_5808_6,Lymphoid,DLBC
L-428,HL,LL-100,leukemia and lymphoma panel,NG-13640,Hodgkin lymphoma,NA,NONE,NONE,NONE,NONE,NONE,NONE,L_428,./NG-13640/2018-01-29/NG-13640_L_428_lib241214_5808_7_1.fastq.gz,lib241214_5808_7,L_428,NONE,NG-13640_L_428_lib241214_5808_7,Lymphoid,DLBC
LAMA-84,CML_myelo,LL-100,leukemia and lymphoma panel,NG-13640,"Chronic myeloid leukemia, myeloid blast crisis",NA,NONE,NONE,NONE,NONE,NONE,NONE,LAMA_84,./NG-13640/2018-05-11/NG-13640_LAMA_84_lib259816_5981_7_1.fastq.gz,lib259816_5981_7,LAMA_84,NONE,NG-13640_LAMA_84_lib259816_5981_7,Myeloid,LAML
LP-1,MM_PCL,LL-100,leukemia and lymphoma panel,NG-13640,"Multiple myeloma, plasma cell leukemia",NA,NONE,NONE,NONE,NONE,NONE,NONE,LP_1,./NG-13640/2018-01-29/NG-13640_LP_1_lib241211_5808_7_1.fastq.gz,lib241211_5808_7,LP_1,NONE,NG-13640_LP_1_lib241211_5808_7,Lymphoid,DLBC
M-07e,AML_mega,LL-100,leukemia and lymphoma panel,NG-13640,"Acute myeloid leukemia, megakaryocytic",NA,NONE,NONE,NONE,NONE,NONE,NONE,M_07E,./NG-13640/2018-05-11/NG-13640_M_07e_lib259810_5981_3_1.fastq.gz,lib259810_5981_3,M_07e,NONE,NG-13640_M_07e_lib259810_5981_3,Myeloid,LAML
ME-1,AML_mono,LL-100,leukemia and lymphoma panel,NG-13640,"Acute myeloid leukemia, monocytic",NA,NONE,NONE,NONE,NONE,NONE,NONE,ME_1,./NG-13640/2018-03-06/NG-13640_ME_1_lib248393_5885_6_1.fastq.gz,lib248393_5885_6,ME_1,NONE,NG-13640_ME_1_lib248393_5885_6,Myeloid,LAML
MEC-1,PLL,LL-100,leukemia and lymphoma panel,NG-13640,NONE,NA,NONE,NONE,NONE,NONE,NONE,NONE,MEC_1,./NG-13640/2017-12-04/NG-13640_MEC_1_lib227482_5697_4_1.fastq.gz,lib227482_5697_4,MEC_1,NONE,NG-13640_MEC_1_lib227482_5697_4,Hematologic,DLBC;LAML
MEGAL,AML_mega,LL-100,leukemia and lymphoma panel,NG-13640,"Acute myeloid leukemia, megakaryocytic",NA,NONE,NONE,NONE,NONE,NONE,NONE,MEGAL,./NG-13640/2018-05-11/NG-13640_MEGAL_lib259811_5981_3_1.fastq.gz,lib259811_5981_3,MEGAL,NONE,NG-13640_MEGAL_lib259811_5981_3,Myeloid,LAML
MINO,MCL,LL-100,leukemia and lymphoma panel,NG-13640,Mantle cell lymphoma,NA,NONE,NONE,NONE,NONE,NONE,NONE,MINO,./NG-13640/2018-03-06/NG-13640_MINO_lib248384_5885_5_1.fastq.gz,lib248384_5885_5,MINO,NONE,NG-13640_MINO_lib248384_5885_5,Lymphoid,DLBC
MKPL-1,AML_mega,LL-100,leukemia and lymphoma panel,NG-13640,"Acute myeloid leukemia, megakaryocytic",NA,NONE,NONE,NONE,NONE,NONE,NONE,MKPL_1,./NG-13640/2018-05-11/NG-13640_MKPL_1_lib259812_5981_3_1.fastq.gz,lib259812_5981_3,MKPL_1,NONE,NG-13640_MKPL_1_lib259812_5981_3,Myeloid,LAML
MOLM-13,AML_mono,LL-100,leukemia and lymphoma panel,NG-13640,"Acute myeloid leukemia, monocytic",NA,NONE,NONE,NONE,NONE,NONE,NONE,MOLM_13,./NG-13640/2018-01-12/NG-13640_MOLM13_lib236379_5767_8_1.fastq.gz,Lib236379_5767_8,MOLM13,MOLM_13,NG-13640_MOLM13_lib236379_5767_8,Myeloid,LAML
MOLM-20,CML_myelo,LL-100,leukemia and lymphoma panel,NG-13640,"Chronic myeloid leukemia, myeloid blast crisis",NA,NONE,NONE,NONE,NONE,NONE,NONE,MOLM_20,./NG-13640/2018-05-11/NG-13640_MOLM_20_lib259817_5981_7_1.fastq.gz,lib259817_5981_7,MOLM_20,NONE,NG-13640_MOLM_20_lib259817_5981_7,Myeloid,LAML
MOLT-4,T_ALL_TLL,LL-100,leukemia and lymphoma panel,NG-13640,T-acute lymphoblastic leukemia / T-lymphoblastic lymphoma,NA,NONE,NONE,NONE,NONE,NONE,NONE,MOLT_4,./NG-13640/2018-01-29/NG-13640_MOLT_4_lib241220_5808_2_1.fastq.gz,lib241220_5808_2,MOLT_4,NONE,NG-13640_MOLT_4_lib241220_5808_2,Lymphoid,DLBC
MONO-MAC-6,AML_mono,LL-100,leukemia and lymphoma panel,NG-13640,"Acute myeloid leukemia, monocytic",NA,NONE,NONE,NONE,NONE,NONE,NONE,MONO_MAC_6,./NG-13640/2018-03-20/NG-13640_MONO_MAC_6_lib248394_5885_6_1.fastq.gz,lib248394_5885_6,MONO_MAC_6,MONO_MAC_5885_6,NG-13640_MONO_MAC_6_lib248394_5885_6,Myeloid,LAML
MONO-MAC-6,AML_mono,LL-100,leukemia and lymphoma panel,NG-13640,"Acute myeloid leukemia, monocytic",NA,NONE,NONE,NONE,NONE,NONE,NONE,MONO_MAC_6,./NG-13640/2018-03-20/NG-13640_MONO_MAC_6_lib248394_5904_3_1.fastq.gz,lib248394_5904_3,MONO_MAC_6,MONO_MAC_5904_3,NG-13640_MONO_MAC_6_lib248394_5904_3,Myeloid,LAML
MOTN-1,M T MAL,LL-100,leukemia and lymphoma panel,NG-13640,NONE,NA,NONE,NONE,NONE,NONE,NONE,NONE,MOTN_1,./NG-13640/2018-03-16/NG-13640_MOTN_1_lib250968_5908_5_1.fastq.gz,lib250968_5908_5,MOTN_1,NONE,NG-13640_MOTN_1_lib250968_5908_5,Hematologic,DLBC;LAML
MUTZ-3,AML_mono,LL-100,leukemia and lymphoma panel,NG-13640,"Acute myeloid leukemia, monocytic",NA,NONE,NONE,NONE,NONE,NONE,NONE,MUTZ_3,./NG-13640/2018-05-22/NG-13640_MUTZ_3_lib259806_5981_3_1.fastq.gz,lib259806_5981_3,MUTZ_3_5981_3,MUTZ_3,NG-13640_MUTZ_3_lib259806_5981_3,Myeloid,LAML
MUTZ-3,AML_mono,LL-100,leukemia and lymphoma panel,NG-13640,"Acute myeloid leukemia, monocytic",NA,NONE,NONE,NONE,NONE,NONE,NONE,MUTZ_3,./NG-13640/2018-05-22/NG-13640_MUTZ_3_lib259806_5991_5_1.fastq.gz,lib259806_5991_5,MUTZ_3_5991_5,MUTZ_3,NG-13640_MUTZ_3_lib259806_5991_5,Myeloid,LAML
NALM-1,CML_lympho,LL-100,leukemia and lymphoma panel,NG-13640,"Chronic myeloid leukemia, lymphoid blast crisis",NA,NONE,NONE,NONE,NONE,NONE,NONE,NALM_1,./NG-13640/2018-05-16/NG-13640_NALM_1_lib265127_5989_8_1.fastq.gz,lib265127_5989_8,NALM_1,NONE,NG-13640_NALM_1_lib265127_5989_8,Lymphoid,DLBC
NALM-6,Pre-B-ALL,LL-100,leukemia and lymphoma panel,NG-13640,B-cell precursor / pre-B-acute lymphoblastic leukemia,NA,NONE,NONE,NONE,NONE,NONE,NONE,NALM_6,./NG-13640/2017-12-11/NALM_6_1.fastq.gz,NONE,NALM_6,NONE,NALM_6,Lymphoid,DLBC
NALM-6,Pre-B-ALL,LL-100,leukemia and lymphoma panel,NG-13640,B-cell precursor / pre-B-acute lymphoblastic leukemia,NA,NONE,NONE,NONE,NONE,NONE,NONE,NALM_6,./NG-13640/2017-12-11/NG-13640_NALM_6_lib227471_5697_7_1.fastq.gz,NONE,NALM_6,NONE,NG-13640_NALM_6_lib227471_5697_7,Lymphoid,DLBC
NALM-6,Pre-B-ALL,LL-100,leukemia and lymphoma panel,NG-13640,B-cell precursor / pre-B-acute lymphoblastic leukemia,NA,NONE,NONE,NONE,NONE,NONE,NONE,NALM_6,./NG-13640/2017-12-11//NG-13640_NALM_6_lib227471_5706_1_1.fastq.gz,NONE,NALM_6,NONE,NG-13640_NALM_6_lib227471_5706_1,Lymphoid,DLBC
NB-4,AML_myelo,LL-100,leukemia and lymphoma panel,NG-13640,"Acute myeloid leukemia, myelocytic",NA,NONE,NONE,NONE,NONE,NONE,NONE,NB_4,./NG-13640/2018-01-12/NG-13640_NB4_lib236380_5767_8_1.fastq.gz,lib236380_5767_8,NB4,NB_4,NG-13640_NB4_lib236380_5767_8,Myeloid,LAML
NC-NC,NORMAL,LL-100,leukemia and lymphoma panel,NG-13640,NONE,NA,NONE,NONE,NONE,NONE,NONE,NONE,NC_NC,./NG-13640/2018-05-07/NG-13640_NC_NC_lib259822_5972_8_1.fastq.gz,lib259822_5972_8,NC_NC,NONE,NG-13640_NC_NC_lib259822_5972_8,Hematologic,DLBC;LAML
NK-92,NK MAL,LL-100,leukemia and lymphoma panel,NG-13640,Natural killer malignancy,NA,NONE,NONE,NONE,NONE,NONE,NONE,NK_92,./NG-13640/2017-11-24/NG-13640_NK_92_lib227486_5684_6_1.fastq.gz,lib227486_5684_6,NK_92,NONE,NG-13640_NK_92_lib227486_5684_6,Lymphoid,DLBC
NU-DHL-1,DLBCL_ABC,LL-100,leukemia and lymphoma panel,NG-13640,"Diffuse large B-cell lymphoma, activated B-cell",NA,NONE,NONE,NONE,NONE,NONE,NONE,NU_DHL_1,./NG-13640/2017-12-04/NG-13640_NU_DHL_1_lib227484_5697_4_1.fastq.gz,lib227484_5697_4,NU_DHL_1,NONE,NG-13640_NU_DHL_1_lib227484_5697_4,Lymphoid,DLBC
OCI-AML3,AML_myelo,LL-100,leukemia and lymphoma panel,NG-13640,"Acute myeloid leukemia, myelocytic",NA,NONE,NONE,NONE,NONE,NONE,NONE,OCI_AML3,./NG-13640/2018-03-06/NG-13640_OCI_AML_3_lib248392_5885_6_1.fastq.gz,lib248392_5885_6,OCI_AML_3,OCI_AML3,NG-13640_OCI_AML_3_lib248392_5885_6,Myeloid,LAML
OCI-LY19,DLBCL_GCB,LL-100,leukemia and lymphoma panel,NG-13640,"Diffuse large B-cell lymphoma, germinal center B-cell",NA,NONE,NONE,NONE,NONE,NONE,NONE,OCI_LY19,./NG-13640/2018-01-15/NG-13640_OCILY19_lib236388_5774_8_1.fastq.gz,lib236388_5774_8,OCILY19,OCI_LY19,NG-13640_OCILY19_lib236388_5774_8,Lymphoid,DLBC
OCI-LY3,DLBCL_ABC,LL-100,leukemia and lymphoma panel,NG-13640,"Diffuse large B-cell lymphoma, activated B-cell",NA,NONE,NONE,NONE,NONE,NONE,NONE,OCI_LY3,./NG-13640/2018-01-29/NG-13640_OCI_LY_3_lib241204_5808_6_1.fastq.gz,lib241204_5808_6,OCI_LY_3,OCI_LY3,NG-13640_OCI_LY_3_lib241204_5808_6,Lymphoid,DLBC
OCI-LY7,DLBCL_GCB,LL-100,leukemia and lymphoma panel,NG-13640,"Diffuse large B-cell lymphoma, germinal center B-cell",NA,NONE,NONE,NONE,NONE,NONE,NONE,OCI_LY7,./NG-13640/2018-01-15/NG-13640_OCILY7_lib236387_5774_8_1.fastq.gz,lib236387_5774_8,OCILY7,OCI_LY7,NG-13640_OCILY7_lib236387_5774_8,Lymphoid,DLBC
OCI-M2,AML_ery,LL-100,leukemia and lymphoma panel,NG-13640,"Acute myeloid leukemia, erythroid",NA,NONE,NONE,NONE,NONE,NONE,NONE,OCI_M2,./NG-13640/2018-05-11/NG-13640_OCI_M2_lib259807_5981_3_1.fastq.gz,lib259807_5981_3,OCI_M2,NONE,NG-13640_OCI_M2_lib259807_5981_3,Myeloid,LAML
OPM-2,MM_PCL,LL-100,leukemia and lymphoma panel,NG-13640,"Multiple myeloma, plasma cell leukemia",NA,NONE,NONE,NONE,NONE,NONE,NONE,OPM_2,./NG-13640/2018-01-12/NG-13640_OPM2_lib236378_5767_8_1.fastq.gz,lib236378_5767_8,OPM2,OPM_2,NG-13640_OPM2_lib236378_5767_8,Lymphoid,DLBC
PGA-1,PLL,LL-100,leukemia and lymphoma panel,NG-13640,NONE,NA,NONE,NONE,NONE,NONE,NONE,NONE,PGA_1,./NG-13640/2017-12-04/NG-13640_PGA_1_lib227483_5697_4_1.fastq.gz,lib227483_5697_4,PGA_1,NONE,NG-13640_PGA_1_lib227483_5697_4,Hematologic,DLBC;LAML
RAJI,BURKITT B ALL,LL-100,leukemia and lymphoma panel,NG-13640,NONE,NA,NONE,NONE,NONE,NONE,NONE,NONE,RAJI,./NG-13640/2017-11-24/NG-13640_RAJI_lib227476_5684_6_1.fastq.gz,lib227476_5684_6,RAJI,NONE,NG-13640_RAJI_lib227476_5684_6,Hematologic,DLBC;LAML
RAMOS,BURKITT B ALL,LL-100,leukemia and lymphoma panel,NG-13640,NONE,NA,NONE,NONE,NONE,NONE,NONE,NONE,RAMOS,./NG-13640/2017-12-04/NG-13640_RAMOS_lib227477_5697_7_1.fastq.gz,lib227477_5697_7,RAMOS,NONE,NG-13640_RAMOS_lib227477_5697_7,Hematologic,DLBC;LAML
REC-1,MCL,LL-100,leukemia and lymphoma panel,NG-13640,Mantle cell lymphoma,NA,NONE,NONE,NONE,NONE,NONE,NONE,REC_1,./NG-13640/2018-01-29/NG-13640_REC_1_lib241207_5808_6_1.fastq.gz,lib241207_5808_6,REC_1,NONE,NG-13640_REC_1_lib241207_5808_6,Lymphoid,DLBC
REH,PRE B ALL,LL-100,leukemia and lymphoma panel,NG-13640,B-cell precursor / pre-B-acute lymphoblastic leukemia,NA,NONE,NONE,NONE,NONE,NONE,NONE,REH,./NG-13640/2017-12-04/NG-13640_REH_lib227472_5697_7_1.fastq.gz,lib227472_5697_7,REH,NONE,NG-13640_REH_lib227472_5697_7,Lymphoid,DLBC
RI-1,DLBCL_ABC,LL-100,leukemia and lymphoma panel,NG-13640,"Diffuse large B-cell lymphoma, activated B-cell",NA,NONE,NONE,NONE,NONE,NONE,NONE,RI_1,./NG-13640/2018-01-29/NG-13640_Ri_1_lib241203_5808_6_1.fastq.gz,lib241203_5808_6,Ri_1,RI_1,NG-13640_Ri_1_lib241203_5808_6,Lymphoid,DLBC
RPMI-8226,MM_PCL,LL-100,leukemia and lymphoma panel,NG-13640,"Multiple myeloma, plasma cell leukemia",NA,NONE,NONE,NONE,NONE,NONE,NONE,RPMI_8226,./NG-13640/2018-01-29/NG-13640_RPMI_8226_lib241212_5808_7_1.fastq.gz,lib241212_5808_7,RPMI_8226,NONE,NG-13640_RPMI_8226_lib241212_5808_7,Lymphoid,DLBC
RPMI-8402,T_ALL_TLL,LL-100,leukemia and lymphoma panel,NG-13640,T-acute lymphoblastic leukemia / T-lymphoblastic lymphoma,NA,NONE,NONE,NONE,NONE,NONE,NONE,RPMI_8402,./NG-13640/2018-01-29/NG-13640_RPMI_8402_lib241221_5808_2_1.fastq.gz,lib241221_5808_2,RPMI_8402,NONE,NG-13640_RPMI_8402_lib241221_5808_2,Lymphoid,DLBC
SEM,pre_B_ALL,LL-100,leukemia and lymphoma panel,NG-13640,B-cell precursor / pre-B-acute lymphoblastic leukemia,NA,NONE,NONE,NONE,NONE,NONE,NONE,SEM,./NG-13640/2017-12-04/NG-13640_SEM_lib227473_5697_7_1.fastq.gz,lib227473_5697_7,SEM,NONE,NG-13640_SEM_lib227473_5697_7,Lymphoid,DLBC
SET-2,MYELOPRO NEO,LL-100,leukemia and lymphoma panel,NG-13640,NONE,NA,NONE,NONE,NONE,NONE,NONE,NONE,SET_2,./NG-13640/2018-05-11/NG-13640_SET_2_lib259821_5981_7_1.fastq.gz,lib259821_5981_7,SET_2,NONE,NG-13640_SET_2_lib259821_5981_7,Hematologic,DLBC;LAML
SKNO-1,AML_myelo,LL-100,leukemia and lymphoma panel,NG-13640,"Acute myeloid leukemia, myelocytic",NA,NONE,NONE,NONE,NONE,NONE,NONE,SKNO_1,./NG-13640/2018-05-22/NG-13640_SKNO_1_lib259805_5981_3_1.fastq.gz,Lib259805_5981_3,SKNO_1_5981_3,SKNO_1,NG-13640_SKNO_1_lib259805_5981_3,Myeloid,LAML
SKNO-1,AML_myelo,LL-100,leukemia and lymphoma panel,NG-13640,"Acute myeloid leukemia, myelocytic",NA,NONE,NONE,NONE,NONE,NONE,NONE,SKNO_1,./NG-13640/2018-05-22/NG-13640_SKNO_1_lib259805_5991_5_1.fastq.gz,lib259805_5991_5,SKNO_1_5991_5,SKNO_1,NG-13640_SKNO_1_lib259805_5991_5,Myeloid,LAML
SR-786,ALCL,LL-100,leukemia and lymphoma panel,NG-13640,Anaplastic large cell lymphoma,NA,NONE,NONE,NONE,NONE,NONE,NONE,SR_786,./NG-13640/2018-03-06/NG-13640_SR_786_lib248387_5885_5_1.fastq.gz,lib248387_5885_5,SR_786,NONE,NG-13640_SR_786_lib248387_5885_5,Lymphoid,DLBC
SU-DHL-1,ALCL,LL-100,leukemia and lymphoma panel,NG-13640,Anaplastic large cell lymphoma,NA,NONE,NONE,NONE,NONE,NONE,NONE,SU_DHL_1,./NG-13640/2018-03-06/NG-13640_SU_DHL_1_lib248388_5885_6_1.fastq.gz,lib248388_5885_6,SU_DHL_1,NONE,NG-13640_SU_DHL_1_lib248388_5885_6,Lymphoid,DLBC
SU-DHL-4,DLBCL_GCB,LL-100,leukemia and lymphoma panel,NG-13640,"Diffuse large B-cell lymphoma, germinal center B-cell",NA,NONE,NONE,NONE,NONE,NONE,NONE,SU_DHL_4,./NG-13640/2018-01-15/NG-13640_SUDHL4_lib236389_5774_5_1.fastq.gz,lib236389_5774_5,SUDHL4,SU_DHL_4,NG-13640_SUDHL4_lib236389_5774_5,Lymphoid,DLBC
SU-DHL-6,DLBCL_GCB,LL-100,leukemia and lymphoma panel,NG-13640,"Diffuse large B-cell lymphoma, germinal center B-cell",NA,NONE,NONE,NONE,NONE,NONE,NONE,SU_DHL_6,./NG-13640/2018-01-15/NG-13640_SUDHL6_lib236390_5774_5_1.fastq.gz,lib236390_5774_5,SUDHL6,SU_DHL_6,NG-13640_SUDHL6_lib236390_5774_5,Lymphoid,DLBC
SUP-HD1,HL,LL-100,leukemia and lymphoma panel,NG-13640,Hodgkin lymphoma,NA,NONE,NONE,NONE,NONE,NONE,NONE,SUP_HD1,./NG-13640/2018-01-29/NG-13640_SUP_HD_1_lib241216_5808_7_1.fastq.gz,lib241216_5808_7,SUP_HD1,SUP_HD_1,NG-13640_SUP_HD_1_lib241216_5808_7,Lymphoid,DLBC
SUP-M2,ALCL,LL-100,leukemia and lymphoma panel,NG-13640,Anaplastic large cell lymphoma,NA,NONE,NONE,NONE,NONE,NONE,NONE,SUP_M2,./NG-13640/2018-03-20/NG-13640_SUP_M2_lib248389_5885_6_1.fastq.gz,lib248389_5885_6,SUP_M2_5885_6,SUP_M2,NG-13640_SUP_M2_lib248389_5885_6,Lymphoid,DLBC
SUP-M2,ALCL,LL-100,leukemia and lymphoma panel,NG-13640,Anaplastic large cell lymphoma,NA,NONE,NONE,NONE,NONE,NONE,NONE,SUP_M2,./NG-13640/2018-03-20/NG-13640_SUP_M2_lib248389_5904_3_1.fastq.gz,lib248389_5904_3,SUP_M2_5904_3,SUP_M2,NG-13640_SUP_M2_lib248389_5904_3,Lymphoid,DLBC
TF-1,AML_ery,LL-100,leukemia and lymphoma panel,NG-13640,"Acute myeloid leukemia, erythroid",NA,NONE,NONE,NONE,NONE,NONE,NONE,TF_1,./NG-13640/2018-05-07/NG-13640_TF_1_lib259824_5972_8_1.fastq.gz,lib259824_5972_8,TF_1,NONE,NG-13640_TF_1_lib259824_5972_8,Myeloid,LAML
THP-1,AML_mono,LL-100,leukemia and lymphoma panel,NG-13640,"Acute myeloid leukemia, monocytic",NA,NONE,NONE,NONE,NONE,NONE,NONE,THP_1,./NG-13640/2018-03-06/NG-13640_THP_1_lib248383_5885_5_1.fastq.gz,lib248383_5885_5,THP_1,NONE,NG-13640_THP_1_lib248383_5885_5,Myeloid,LAML
TK-6,CML_lympho,LL-100,leukemia and lymphoma panel,NG-13640,"Chronic myeloid leukemia, lymphoid blast crisis",NA,NONE,NONE,NONE,NONE,NONE,NONE,TK_6,./NG-13640/2018-05-11/NG-13640_TK_6_lib259820_5981_7_1.fastq.gz,lib259820_5981_7,TK_6,NONE,NG-13640_TK_6_lib259820_5981_7,Lymphoid,DLBC
U-266,MM_PCL,LL-100,leukemia and lymphoma panel,NG-13640,"Multiple myeloma, plasma cell leukemia",NA,NONE,NONE,NONE,NONE,NONE,NONE,U_266,./NG-13640/2018-01-29/NG-13640_U_266_lib241213_5808_7_1.fastq.gz,lib241213_5808_7,U_266,NONE,NG-13640_U_266_lib241213_5808_7,Lymphoid,DLBC
U-2932,DLBCL_ABC,LL-100,leukemia and lymphoma panel,NG-13640,"Diffuse large B-cell lymphoma, activated B-cell",NA,NONE,NONE,NONE,NONE,NONE,NONE,U_2932,./NG-13640/2018-01-29/NG-13640_U_2932_lib241205_5808_6_1.fastq.gz,lib241205_5808_6,U_2932,NONE,NG-13640_U_2932_lib241205_5808_6,Lymphoid,DLBC
U-2940,PMBL,LL-100,leukemia and lymphoma panel,NG-13640,Primary mediastinal B-cell lymphoma,NA,NONE,NONE,NONE,NONE,NONE,NONE,U_2940,./NG-13640/2018-03-06/NG-13640_U_2940_lib248378_5885_5_1.fastq.gz,lib248378_5885_5,U_2940,NONE,NG-13640_U_2940_lib248378_5885_5,Lymphoid,DLBC
U-2946,DLBCL_ABC,LL-100,leukemia and lymphoma panel,NG-13640,"Diffuse large B-cell lymphoma, activated B-cell",NA,NONE,NONE,NONE,NONE,NONE,NONE,U_2946,./NG-13640/2018-01-12/NG-13640_U2946_lib236385_5767_8_1.fastq.gz,lib236385_5767_8,U_2946,U2946,NG-13640_U2946_lib236385_5767_8,Lymphoid,DLBC
U-937,AML_mono,LL-100,leukemia and lymphoma panel,NG-13640,"Acute myeloid leukemia, monocytic",NA,NONE,NONE,NONE,NONE,NONE,NONE,U_937,./NG-13640/2018-03-06/NG-13640_U_937_lib248395_5885_6_1.fastq.gz,lib248395_5885_6,U_937,NONE,NG-13640_U_937_lib248395_5885_6,Myeloid,LAML
UT-7,AML_mega,LL-100,leukemia and lymphoma panel,NG-13640,"Acute myeloid leukemia, megakaryocytic",NA,NONE,NONE,NONE,NONE,NONE,NONE,UT_7,./NG-13640/2018-05-11/NG-13640_UT_7_lib259813_5981_7_1.fastq.gz,lib259813_5981_7,UT_7,NONE,NG-13640_UT_7_lib259813_5981_7,Myeloid,LAML
VAL,BURKITT B ALL,LL-100,leukemia and lymphoma panel,NG-13640,NONE,NA,NONE,NONE,NONE,NONE,NONE,NONE,VAL,./NG-13640/2017-12-04/NG-13640_VAL_lib227478_5697_4_1.fastq.gz,lib227478_5697_4,VAL,NONE,NG-13640_VAL_lib227478_5697_4,Hematologic,DLBC;LAML
WSU-DLCL2,DLBCL_GCB,LL-100,leukemia and lymphoma panel,NG-13640,"Diffuse large B-cell lymphoma, germinal center B-cell",NA,NONE,NONE,NONE,NONE,NONE,NONE,WSU_DLCL2,./NG-13640/2018-01-15/NG-13640_WSUDLCL2_lib236391_5774_5_1.fastq.gz,lib236391_5774_5,WSUDLCL2,WSU_DLCL2,NG-13640_WSUDLCL2_lib236391_5774_5,Lymphoid,DLBC
YT,NK MAL,LL-100,leukemia and lymphoma panel,NG-13640,Natural killer malignancy,NA,NONE,NONE,NONE,NONE,NONE,NONE,YT,./NG-13640/2018-03-06/NG-13640_YT_lib248385_5885_5_1.fastq.gz,lib248385_5885_5,YT,NONE,NG-13640_YT_lib248385_5885_5,Lymphoid,DLBC
CCLF_PEDS_0051_T,Nb2,Neuroblastoma,Neuroblastoma,NG-A2798,Neuroblastoma,pleural cavity,NONE,NONE,24,No,NONE,NONE,CCLF_PEDS_0051_T,./NG-A2798/2024-09-06/NG-A2798_CCLF_PEDS_0051_T_libLAI2540_1.fastq.gz,libLAI2540,CCLF_PEDS_0051_T,NONE,NG-A2798_CCLF_PEDS_0051_T_libLAI2540,Adrenal/SNS,ACC;PCPG
CHP-126,Nb1,Neuroblastoma,Neuroblastoma,NG-A0611,Neuroblastoma,abdomen,NONE,NONE,14,Yes,NONE,NONE,CHP_126,./NG-A0611/2024-01-12/NG-A0611_CHP126_libLAB6088_1.fastq.gz,libLAB6088,CHP126,CHP_126,NG-A0611_CHP126_libLAB6088,Adrenal/SNS,ACC;PCPG
CHP-134,Nb1,Neuroblastoma,Neuroblastoma,NG-A0611,Neuroblastoma,adrenal gland,NONE,NONE,13,Yes,NONE,NONE,CHP_134,./NG-A0611/2024-01-12/NG-A0611_CHP134_libLAB6074_1.fastq.gz,libLAB6074,CHP134,CHP_134,NG-A0611_CHP134_libLAB6074,Adrenal/SNS,ACC;PCPG
GI-ME-N,Nb2,Neuroblastoma,Neuroblastoma,NG-A0611,Neuroblastoma,bone marrow,NONE,NONE,42,No,NONE,NONE,GI_ME_N,./NG-A0611/2024-01-12/NG-A0611_GIMEN_libLAB6073_1.fastq.gz,libLAB6073,GIMEN,GI_ME_N,NG-A0611_GIMEN_libLAB6073,Adrenal/SNS,ACC;PCPG
IMR-32,Nb1,Neuroblastoma,Neuroblastoma,NG-A0611,Neuroblastoma,abdomen,NONE,NONE,12,Yes,NONE,NONE,IMR_32,./NG-A0611/2024-01-12/NG-A0611_IMR32_libLAB6079_1.fastq.gz,libLAB6079,IMR32,IMR_32,NG-A0611_IMR32_libLAB6079,Adrenal/SNS,ACC;PCPG
KELLY,Nb1,Neuroblastoma,Neuroblastoma,NG-A0611,Neuroblastoma,brain,NONE,NONE,12,Yes,NONE,NONE,KELLY,./NG-A0611/2024-01-12/NG-A0611_KELLY_libLAB6075_1.fastq.gz,libLAB6075,KELLY,NONE,NG-A0611_KELLY_libLAB6075,Adrenal/SNS,ACC;PCPG
LAN-1,Nb1,Neuroblastoma,Neuroblastoma,NG-A0611,Neuroblastoma,bone marrow,NONE,NONE,24,Yes,NONE,NONE,LAN1,./NG-A0611/2024-01-12/NG-A0611_LAN1_libLAB6085_1.fastq.gz,libLAB6085,LAN1,NONE,NG-A0611_LAN1_libLAB6085,Adrenal/SNS,ACC;PCPG
LAN-2,Nb2,Neuroblastoma,Neuroblastoma,NG-A0611,Neuroblastoma,primary tumour,NONE,NONE,36,Yes,NONE,NONE,LAN2,./NG-A0611/2024-01-12/NG-A0611_LAN2_libLAB6083_1.fastq.gz,libLAB6083,LAN2,NONE,NG-A0611_LAN2_libLAB6083,Adrenal/SNS,ACC;PCPG
LAN-5,Nb1,Neuroblastoma,Neuroblastoma,NG-A0611,Neuroblastoma,bone marrow,NONE,NONE,4,Yes,NONE,NONE,LAN5,./NG-A0611/2024-01-12/NG-A0611_LAN5_libLAB6087_1.fastq.gz,libLAB6087,LAN5,NONE,NG-A0611_LAN5_libLAB6087,Adrenal/SNS,ACC;PCPG
LAN-6,Nb2,Neuroblastoma,Neuroblastoma,NG-A0611,Neuroblastoma,bone marrow,NONE,NONE,72,No,NONE,NONE,LAN6,./NG-A0611/2024-01-12/NG-A0611_LAN6_libLAB6089_1.fastq.gz,libLAB6089,LAN6,NONE,NG-A0611_LAN6_libLAB6089,Adrenal/SNS,ACC;PCPG
LS,Nb1,Neuroblastoma,Neuroblastoma,NG-A0611,Neuroblastoma,abdomen,NONE,NONE,16,Yes,NONE,NONE,LS,./NG-A0611/2024-01-12/NG-A0611_LS_libLAB6078_1.fastq.gz,libLAB6078,LS,NONE,NG-A0611_LS_libLAB6078,Adrenal/SNS,ACC;PCPG
MHH-NB-11,Nb2,Neuroblastoma,Neuroblastoma,NG-A0611,Neuroblastoma,adrenal gland,NONE,NONE,48,Yes,NONE,NONE,MHH_NB_11,./NG-A0611/2024-01-12/NG-A0611_MHHNB11_libLAB6084_1.fastq.gz,libLAB6084,MHHNB11,MHH_NB_11,NG-A0611_MHHNB11_libLAB6084,Adrenal/SNS,ACC;PCPG
NBL-S,Nb2,Neuroblastoma,Neuroblastoma,NG-A0611,Neuroblastoma,adrenal gland,NONE,NONE,36,No,NONE,NONE,NBL_S,./NG-A0611/2024-01-12/NG-A0611_NBLS_libLAB6077_1.fastq.gz,libLAB6077,NBLS,NBL_S,NG-A0611_NBLS_libLAB6077,Adrenal/SNS,ACC;PCPG
NGP,Nb1,Neuroblastoma,Neuroblastoma,NG-A0611,Neuroblastoma,lung,NONE,NONE,30,Yes,NONE,NONE,NGP,./NG-A0611/2024-01-12/NG-A0611_NGP_libLAB6082_1.fastq.gz,libLAB6082,NGP,NONE,NG-A0611_NGP_libLAB6082,Adrenal/SNS,ACC;PCPG
NMB,Nb1,Neuroblastoma,Neuroblastoma,NG-A0611,Neuroblastoma,bone marrow,NONE,NONE,10,Yes,NONE,NONE,NMB,./NG-A0611/2024-01-12/NG-A0611_NMB_libLAB6080_1.fastq.gz,libLAB6080,NMB,NONE,NG-A0611_NMB_libLAB6080,Adrenal/SNS,ACC;PCPG
SH-SY5Y,Nb2,Neuroblastoma,Neuroblastoma,NG-A0611,Neuroblastoma,bone marrow,NONE,NONE,48,No,NONE,NONE,SH_SY5Y,./NG-A0611/2024-01-12/NG-A0611_SHSY5Y_libLAB6081_1.fastq.gz,libLAB6081,SHSY5Y,SH_SY5Y,NG-A0611_SHSY5Y_libLAB6081,Adrenal/SNS,ACC;PCPG
SIMA,Nb2,Neuroblastoma,Neuroblastoma,NG-A0611,Neuroblastoma,adrenal gland,NONE,NONE,20,Yes,NONE,NONE,SIMA,./NG-A0611/2024-01-12/NG-A0611_SIMA_libLAB6086_1.fastq.gz,libLAB6086,SIMA,NONE,NG-A0611_SIMA_libLAB6086,Adrenal/SNS,ACC;PCPG
SK-N-BE-2,Nb1,Neuroblastoma,Neuroblastoma,NG-A0611,Neuroblastoma,NONE,NONE,NONE,NONE,NONE,NONE,NONE,SK_N_BE_2,./NG-A0611/2024-01-12/NG-A0611_SKNBE2_libLAB6076_1.fastq.gz,libLAB6076,SKNBE2,SK_N_BE_2,NG-A0611_SKNBE2_libLAB6076,Adrenal/SNS,ACC;PCPG
BT-474,NONE,Breast Cancer,Breast Cancer,NG-29643,NA,Breast ductal carcinoma,invasive,P,NONE,NONE,NONE,NONE,BT_474,./NG-29643/2022-03-28/NG-29643_BT_474_lib581288_7997_4_1.fastq.gz,lib581288_7997_4,BT_474,NONE,NG-29643_BT_474_lib581288_7997_4,Breast,BRCA
RBL-13,Retinoblastoma,Retinoblastoma,Retinoblastoma,NG-30919,NA,NONE,NONE,NONE,18,NONE,unilateral,hypermethylation / Q62*,RBL_13,./NG-30919/2022-09-12/NG-30919_RBL_13_lib628469_10098_1_1.fastq.gz,lib628469_10098_1,RBL_13,NONE,NG-30919_RBL_13_lib628469_10098_1,Uveal/Eye,UVM
RBL-14,Retinoblastoma,Retinoblastoma,Retinoblastoma,NG-30919,NA,NONE,NONE,NONE,23,NONE,unilateral,hypermethylation / LOH,RBL_14,./NG-30919/2022-09-12/NG-30919_RBL_14_lib628470_10098_1_1.fastq.gz,lib628470_10098_1,RBL_14,NONE,NG-30919_RBL_14_lib628470_10098_1,Uveal/Eye,UVM
RBL-15,Retinoblastoma,Retinoblastoma,Retinoblastoma,NG-30919,NA,NONE,NONE,NONE,11,NONE,bilateral,R320* / L797*,RBL_15,./NG-30919/2022-09-19/NG-30919_RBL_15_lib626622_10098_2_1.fastq.gz,lib626622_10098_2,RBL_15_10098_2,RBL_15,NG-30919_RBL_15_lib626622_10098_2,Uveal/Eye,UVM
RBL-15,Retinoblastoma,Retinoblastoma,Retinoblastoma,NG-30919,NA,NONE,NONE,NONE,11,NONE,bilateral,R320* / L797*,RBL_15,./NG-30919/2022-09-19/NG-30919_RBL_15_lib626622_10102_4_1.fastq.gz,lib626622_10102_4,RBL_15_10102_4,RBL_15,NG-30919_RBL_15_lib626622_10102_4,Uveal/Eye,UVM
RBL-18,Retinoblastoma,Retinoblastoma,Retinoblastoma,NG-30919,NA,NONE,NONE,NONE,15,NONE,unilateral,M484Vfs*8 / LOH,RBL_18,./NG-30919/2022-09-12/NG-30919_RBL_18_lib626623_10098_1_1.fastq.gz,lib626623_10098_1,RBL_18,NONE,NG-30919_RBL_18_lib626623_10098_1,Uveal/Eye,UVM
RBL-20,Retinoblastoma,Retinoblastoma,Retinoblastoma,NG-30919,NA,NONE,NONE,NONE,16,NONE,bilateral,IVS6+1G>T / LOH,RBL_20,./NG-30919/2022-09-19/NG-30919_RBL_20_lib626624_10098_1_1.fastq.gz,lib626624_10098_1,RBL_20_10098_1,RBL_20,NG-30919_RBL_20_lib626624_10098_1,Uveal/Eye,UVM
RBL-20,Retinoblastoma,Retinoblastoma,Retinoblastoma,NG-30919,NA,NONE,NONE,NONE,16,NONE,bilateral,IVS6+1G>T / LOH,RBL_20,./NG-30919/2022-09-19/NG-30919_RBL_20_lib626624_10102_3_1.fastq.gz,lib626624_10102_3,RBL_20_10102_3,RBL_20,NG-30919_RBL_20_lib626624_10102_3,Uveal/Eye,UVM
RBL-30,Retinoblastoma,Retinoblastoma,Retinoblastoma,NG-30919,NA,NONE,NONE,NONE,30,NONE,unilateral,R251* / LOH,RBL_30,./NG-30919/2022-09-12/NG-30919_RBL_30_lib628471_10098_1_1.fastq.gz,lib628471_10098_1,RBL_30,NONE,NG-30919_RBL_30_lib628471_10098_1,Uveal/Eye,UVM
RBL-7,Retinoblastoma,Retinoblastoma,Retinoblastoma,NG-30919,NA,NONE,NONE,NONE,16,NONE,bilateral,unknown,RBL_7,./NG-30919/2022-09-12/NG-30919_RBL_7_lib628468_10098_1_1.fastq.gz,lib628468_10098_1,RBL_7,NONE,NG-30919_RBL_7_lib628468_10098_1,Uveal/Eye,UVM
WERI-RB1,Retinoblastoma,Retinoblastoma,Retinoblastoma,NG-30919,NA,NONE,NONE,NONE,30,NONE,unilateral,Del ex2-ex6 / IVS20+1G>A,WERI_RB1,./NG-30919/2022-09-12/NG-30919_WERI_RB1_lib628472_10098_1_1.fastq.gz,lib628472_10098_1,WERI_RB1,NONE,NG-30919_WERI_RB1_lib628472_10098_1,Uveal/Eye,UVM
Y-79,Retinoblastoma,Retinoblastoma,Retinoblastoma,NG-30919,NA,NONE,NONE,NONE,12,NONE,unilateral,Del / Del,Y_79,./NG-30919/2022-09-12/NG-30919_Y_79_lib626626_10098_1_1.fastq.gz,lib626626_10098_1,Y_79,NONE,NG-30919_Y_79_lib626626_10098_1,Uveal/Eye,UVM
