figure_label	tex_file	old_includegraphics_path	new_includegraphics_path	source_file	sha256	caption_start
fig:feature_selection_pipeline	methods.tex	NA	NA	figures/unsupervised_feature_selection_pipeline_v3.pdf	cfb14e8608c063b7abee61753f9e728b8cbdc7e023693fb24cfecd4886bed5a7	Overview of the unsupervised feature-selection pipeline. In Phase~1, si x statistical criteria (variance, HVG residual variance, MAD, MeanAb
fig:workflow_diagram	methods.tex	NA	NA	figures/workflow_diagram.pdf	6fc47531d0ae17b7e6970fea1979adc21a929c56d12c60299c15cf084aedc983	Pan-cancer cell-line-to-patient-tumour transcriptomic similarity wo rkflow. RNA-seq profiles from the analysed cell-line panel and patient-t
fig:feature_distance_combined	results.tex	NA	NA	figures/Fig_p_consensus_direction_comparison_dumbbell.pdf	6b628f2655bca2227e1f1506d1ef243044acbc93d9221fb829f3d2f20100e4ae	Feature--distance representation support across the three solid-tumour cohorts. Panels show (a) breast cancer, (b) neuroblastoma, and (c) re
fig:umap_vst_all_gene	results.tex	NA	NA	figures/pan_cancer/pan_cancer_plotsofplot/pan_cancer/vst_all_gene_tumour_cell_line_umap/Fig_tumour_cell_line_alignment_umap_VST_ALL_GENE_cosine.pdf	aa1ae8839ed476363e315293c8ebd06e0224766f648e7a0fecb99c0dd78e1855	UMAP visualisation of broad transcriptomic structure after preprocessing. The analysis included 58 DSMZ cell-line expression profiles and 1,
fig:brca_patient_referenced_graphs	results.tex	NA	NA	figures/breast_cancer/Fig_BRCA_multi_representation_majority_threshold_consensus_network.pdf	e085f2bcf8f0056e9755cebb444906adfe8ff6e9d000fd6cd790c757818ff6ad	Union-supported multi-representation network.
fig:brca_patient_referenced_graphs	results.tex	NA	NA	figures/breast_cancer/Fig_BRCA_multi_representation_majority_threshold_consensus_network_legend.pdf	f93464ec504cc065b2c64603e7e0dc52b3c96870379a531dd95b32af3b606e83	Union-supported multi-representation network.
fig:brca_patient_referenced_graphs	results.tex	NA	NA	figures/breast_cancer/Fig_BRCA_multi_representation_union_supported_edges_network.pdf	1d152e4d8c38539f0fbd4bd82ed436e4f5bd6d65f74740ff2877ba6218a9f619	Union-supported multi-representation network.
fig:brca_patient_referenced_graphs	results.tex	NA	NA	figures/breast_cancer/Fig_BRCA_multi_representation_union_supported_edges_network_legend.pdf	17a5025b1234bf9cdc0240990f0dc670c2c8f2518fde473e812d4308accc06f4	Union-supported multi-representation network.
fig:brca_patient_referenced_graphs	results.tex	NA	NA	figures/breast_cancer/Fig_BRCA_patient_referenced_resolved_cell_line_neighbourhood_graph.pdf	91836d78c2ab1420232dbdd655f9967f2f11e7d41b6c7e2281778760e46f432a	Union-supported multi-representation network.
fig:brca_patient_referenced_graphs	results.tex	NA	NA	figures/breast_cancer/Fig_BRCA_patient_referenced_resolved_cell_line_neighbourhood_graph_legend.pdf	019c0e0ff99cf9dbf68b6cba5a496db81e53f210867131aff5c4984eb6bfc247	Union-supported multi-representation network.
fig:cellline_centred_tumour_class_similarity	results.tex	NA	NA	figures/cellline_centred/ranked_marker_source_panel_cellline_retrieval_precision.pdf	f0f53c80c29cf25310ca7f462ceb23b620459adde84ef21e32d547105a2ca13d	Cell-line-to-tumour same-cancer-type retrieval precision in the 379-gene ranked marker-source pan-cancer feature space. Results are shown fo
fig:ecdf_model_prioritisation_combined	results.tex	NA	NA	figures/ecdf_plots/ranked_marker_source_panel_patient_to_cellline_rank_ecdf.pdf	b34f5859281f5fd3445fe71c6020fcd0cb2b1e7861f61605bef26c359ad55637	Tumour-to-cell-line ranking in the 379-gene ranked marker-source pan-cancer feature space. ECDF curves show the cumulative fraction of patie
fig:nbl_patient_referenced_graphs	results.tex	NA	NA	figures/neuroblastoma/Fig_NBL_multi_representation_majority_threshold_consensus_network.pdf	5867eedcf714d4c8c054077416fe29efee70cc6c09c6d810d78820afcff05c24	Union-supported multi-representation network.
fig:nbl_patient_referenced_graphs	results.tex	NA	NA	figures/neuroblastoma/Fig_NBL_multi_representation_majority_threshold_consensus_network_legend.pdf	1329f4c41a5cd480791f75cd9dae9e669c9d45eb630a174711777360dd2fc720	Union-supported multi-representation network.
fig:nbl_patient_referenced_graphs	results.tex	NA	NA	figures/neuroblastoma/Fig_NBL_multi_representation_union_supported_edges_network.pdf	fd8f4e59f844074c5df8a15b1b369d4aef10755a8ac8b4a59fd375d9aff1168e	Union-supported multi-representation network.
fig:nbl_patient_referenced_graphs	results.tex	NA	NA	figures/neuroblastoma/Fig_NBL_multi_representation_union_supported_edges_network_legend.pdf	77e91b5d25d8b16133f291fd9457bd280c2aba9cf9af9d8adb28e2d302bd5cb4	Union-supported multi-representation network.
fig:nbl_patient_referenced_graphs	results.tex	NA	NA	figures/neuroblastoma/Fig_NBL_patient_referenced_resolved_cell_line_neighbourhood_graph.pdf	c3a61bc3b8bbaf2127aaaffe660633f7da23f3dc2b814cb8ee3d9321b7747b59	Union-supported multi-representation network.
fig:nbl_patient_referenced_graphs	results.tex	NA	NA	figures/neuroblastoma/Fig_NBL_patient_referenced_resolved_cell_line_neighbourhood_graph_legend.pdf	7dc730694feaa35d3bd9d0591e0f8c3cbc4e6ca4b8a514d9b805eae06b745502	Union-supported multi-representation network.
fig:pan_cancer_cell_line_louvain	results.tex	NA	NA	figures/pan_cancer/ranked_marker_source_panel_dsmz_similarity_graph.pdf	9a59a26fbbf58135f46ff57f8c2fc1efda29298260441be4fbb3b9d61339735b	Pan-cancer cell-line transcriptomic similarity network constructed from 167 ce ll-line RNA-seq profiles using the 379-gene ranked source-fam
fig:umap_pan_cancer_feature_set	results.tex	NA	NA	figures/pan_cancer/ranked_marker_source_panel_umap.pdf	c75e5dcd68aa837659214e13c4176451ec45e87fbc399c65839275a2366eb13c	UMAP visualisation of VST-normalised tumour and cell-line expression restricted to the 379-gene ranked marker-source pan-cancer feature pane
fig:rbl_patient_referenced_graphs	results.tex	NA	NA	figures/retinoblastoma/Fig_RBL_multi_representation_majority_threshold_consensus_network.pdf	2ee6c0d5e38de19ad96cea53c883668bbaa6bcbf1cdbf921af55967b3e76e244	Union-supported multi-representation network.
fig:rbl_patient_referenced_graphs	results.tex	NA	NA	figures/retinoblastoma/Fig_RBL_multi_representation_majority_threshold_consensus_network_legend.pdf	a0cef52f9a1bc40cb092c4d10ac0c0f7979250d94f5151f44ce8909387de7a80	Union-supported multi-representation network.
fig:rbl_patient_referenced_graphs	results.tex	NA	NA	figures/retinoblastoma/Fig_RBL_multi_representation_union_supported_edges_network.pdf	66d2640a3b92c73027dcd9091c822753194b91bcb56bde1fc26178987f49c6e6	Union-supported multi-representation network.
fig:rbl_patient_referenced_graphs	results.tex	NA	NA	figures/retinoblastoma/Fig_RBL_multi_representation_union_supported_edges_network_legend.pdf	bde17172968a3cf7256bd1e4be4221809e6bd08324d2b28b3fb7fc5bdce32727	Union-supported multi-representation network.
fig:rbl_patient_referenced_graphs	results.tex	NA	NA	figures/retinoblastoma/Fig_RBL_patient_referenced_resolved_cell_line_neighbourhood_graph.pdf	0e4deee5e5890d11698bef25233d0b66270446c7a08c49b63d6b534bc7570129	Union-supported multi-representation network.
fig:rbl_patient_referenced_graphs	results.tex	NA	NA	figures/retinoblastoma/Fig_RBL_patient_referenced_resolved_cell_line_neighbourhood_graph_legend.pdf	801fdbc4f47a998ae6471ac373c9aee991101080aeb1709f3268f14d14c8fdbc	Union-supported multi-representation network.
fig:brca_purity_analysis	results.tex	NA	NA	figures/tumour_purity_analysis/breast_cancer_tpa/brca_sample_retention.pdf	a8edcd50b743337095a963c2af0049f13d05833df54b23d33c37e40d069bcd6e	NA
fig:brca_purity_analysis	results.tex	NA	NA	figures/tumour_purity_analysis/breast_cancer_tpa/brca_tumour_distribution.pdf	8f22fa7ff5fdb9fdf17591fff83cfd293ff267bf74f16ca95d878ff3f381841f	NA
fig:brca_purity_analysis	results.tex	NA	NA	figures/tumour_purity_analysis/breast_cancer_tpa/brca_tumour_immune_score.pdf	ebba133f33590c1dde6ad803906839ad2f413a7b053a200cdbf73ace05875cb8	NA
fig:brca_purity_analysis	results.tex	NA	NA	figures/tumour_purity_analysis/breast_cancer_tpa/brca_tumour_purity_stromalScore.pdf	97da5ec2cc3b81371ae91a230845876332ba0685181dfcf4e5b48b7957b13a8c	NA
fig:supp_graph_resolution_sensitivity	supplementary.tex	NA	NA	results/unsupervised/pan_cancer/cell_line_similarity/pan_cancer_cell_line_leiden_resolution_sweep_diagnostic.pdf	c1fca544163dd2a58bd23980eaeb8c5bfdfde4d485d414b664a2b15a748174c4	Louvain resolution grid.
fig:supp_graph_resolution_sensitivity	supplementary.tex	NA	NA	results/unsupervised/pan_cancer/cell_line_similarity/pan_cancer_cell_line_louvain_resolution_sweep_diagnostic.pdf	55dc9b0b0dfb4ae49a9c6679b57f58c629ec4fa1798f923c2594bb5e4badb1ef	Louvain resolution grid.
fig:supp_all_top50_component_composition	supplementary.tex	NA	NA	figures/ranking_component_composition/Fig_cellline_to_tumour_all_top50_component_composition.pdf	26297695e802028ecf07b0a128355ebf1fb340519f2ab7ed41f25a56564d4b06	All-top-50 component composition of cell-line-to-tumour neighbourhoods.
fig:supp_same_cancer_component_composition	supplementary.tex	NA	NA	figures/ranking_component_composition/Fig_cellline_to_tumour_same_cancer_top50_component_composition.pdf	ec0726e5a2b6a804980a8fa002ef5df6e5204539a5234229f275f9ddef7c02e4	Same-cancer-type component composition of cell-line-to-tumour neighbourhoods.
fig:supp_zero_retained_purity_assessments	supplementary.tex	NA	NA	figures/tumour_purity_analysis/bl_tpa/BL_purity_immune_score.pdf	e8bb6d47ab1ba375bfdea66e1940f50d75e07139478200448a118cbd3547697c	Zero-retained haematological and lymphoid supplementary purity assessments.
fig:supp_zero_retained_purity_assessments	supplementary.tex	NA	NA	figures/tumour_purity_analysis/bl_tpa/BL_purity_stromal_score.pdf	d4d5b20422c123c9a9302f556d17f984660474a9a13d7c1c9b9f1f2421b75bc7	Zero-retained haematological and lymphoid supplementary purity assessments.
fig:supp_zero_retained_purity_assessments	supplementary.tex	NA	NA	figures/tumour_purity_analysis/bl_tpa/BL_sample_retention_by_project_same_axis.pdf	487887f01434f709234f1132eb98253eb63a1c55eee078a7ce115beacf40df35	Zero-retained haematological and lymphoid supplementary purity assessments.
fig:supp_zero_retained_purity_assessments	supplementary.tex	NA	NA	figures/tumour_purity_analysis/bl_tpa/BL_tumour_distribution.pdf	681577cdfdd95af05a74cfb7d2054b8a5eb2af49e03e389ba6533d57c5b328fa	Zero-retained haematological and lymphoid supplementary purity assessments.
fig:supp_retained_haematological_purity_assessments	supplementary.tex	NA	NA	figures/tumour_purity_analysis/cll_tpa/CLL_purity_diagnostics.pdf	a60481f7fcd7f9df0f36cde16334b2b8b0bf56c06bd5b781d1f24a03bda59034	Retained haematological supplementary purity assessments.
fig:supp_retained_haematological_purity_assessments	supplementary.tex	NA	NA	figures/tumour_purity_analysis/cll_tpa/CLL_purity_immune_score.pdf	d262d835a3bc89d6b2ec958795a0cd2b213d9c8d23b59273c7a9c96f3efcaf9e	Retained haematological supplementary purity assessments.
fig:supp_retained_haematological_purity_assessments	supplementary.tex	NA	NA	figures/tumour_purity_analysis/cll_tpa/CLL_purity_stromal_scores.pdf	331078632d468c2af33eac65bf4c9367430f9c733e1fafdffc6796bf0f20cee3	Retained haematological supplementary purity assessments.
fig:supp_retained_haematological_purity_assessments	supplementary.tex	NA	NA	figures/tumour_purity_analysis/cll_tpa/CLL_sample_retention_by_project_same_axis.pdf	ded50ae15066d267fda6502612d49ba6eac6318644e1a0c0244d8b99a8f691b8	Retained haematological supplementary purity assessments.
fig:supp_zero_retained_purity_assessments	supplementary.tex	NA	NA	figures/tumour_purity_analysis/dlbc_tpa/dlbc_tumour_distribution.pdf	149f25882957ffb7e8fc1778606707ed5dbb26006f35bba531803628f7da241b	Zero-retained haematological and lymphoid supplementary purity assessments.
fig:supp_zero_retained_purity_assessments	supplementary.tex	NA	NA	figures/tumour_purity_analysis/dlbc_tpa/dlbc_tumour_purity_immune.pdf	bfbbf9bdeef1d19c52794e1d32603604b6c7ddf4c3779962b93b691793d72293	Zero-retained haematological and lymphoid supplementary purity assessments.
fig:supp_zero_retained_purity_assessments	supplementary.tex	NA	NA	figures/tumour_purity_analysis/dlbc_tpa/dlbc_tumour_purity_stromal.pdf	44d85a5e624bb00de84feba8a6ae736c070f4e21a9cf4087f1aea71ad042d5f7	Zero-retained haematological and lymphoid supplementary purity assessments.
fig:supp_zero_retained_purity_assessments	supplementary.tex	NA	NA	figures/tumour_purity_analysis/dlbc_tpa/tcga_dlbc_sample_retention_by_project_same_axis_purity0.7.pdf	cdecf79ee47576775623ba47df7f6921f01ae4b05a1efeb4ec4677f18c3bd99f	Zero-retained haematological and lymphoid supplementary purity assessments.
fig:supp_retained_haematological_purity_assessments	supplementary.tex	NA	NA	figures/tumour_purity_analysis/laml_tpa/TCGA-LAML_retention_before_after.pdf	6c149e73c7b3b27a76ccb47cf89df4490c49fffa41cf4fffae78a54a6b3942bb	Retained haematological supplementary purity assessments.
fig:supp_retained_haematological_purity_assessments	supplementary.tex	NA	NA	figures/tumour_purity_analysis/laml_tpa/TCGA-LAML_tumour_purity_diagnostics.pdf	c08fd3b4dd80c6645be348796373b9a42267f307a23062d935d4afb0055a97e9	Retained haematological supplementary purity assessments.
fig:supp_retained_haematological_purity_assessments	supplementary.tex	NA	NA	figures/tumour_purity_analysis/laml_tpa/laml_tumour_immune.pdf	51ebb1f2b3830af914c4fc99447c037e3b51cdc5bbd1274b1325678f2425e10d	Retained haematological supplementary purity assessments.
fig:supp_retained_haematological_purity_assessments	supplementary.tex	NA	NA	figures/tumour_purity_analysis/laml_tpa/laml_tumour_stromal.pdf	f28139337785a9e874819e1cf43ceac887ab53f2b0ca54acfd6d0f97625587d4	Retained haematological supplementary purity assessments.
fig:supp_zero_retained_purity_assessments	supplementary.tex	NA	NA	figures/tumour_purity_analysis/mpn_tpa/MPN_purity_distribution.pdf	94f59b12f3293989d88341a309d60723287aea00133f31cbba6a918d117f82d6	Zero-retained haematological and lymphoid supplementary purity assessments.
fig:supp_zero_retained_purity_assessments	supplementary.tex	NA	NA	figures/tumour_purity_analysis/mpn_tpa/MPN_purity_immune_score.pdf	adea913c7732d91c8bc0a372adfd48726498c69185c32ac0bed95109f1c80e42	Zero-retained haematological and lymphoid supplementary purity assessments.
fig:supp_zero_retained_purity_assessments	supplementary.tex	NA	NA	figures/tumour_purity_analysis/mpn_tpa/MPN_purity_stromal.pdf	4cf2aa2728103d943658cfaab7fa2fea0fb19b175bcf7f95c95926a55b0b1eae	Zero-retained haematological and lymphoid supplementary purity assessments.
fig:supp_zero_retained_purity_assessments	supplementary.tex	NA	NA	figures/tumour_purity_analysis/mpn_tpa/MPN_sample_retention_by_project_same_axis.pdf	51190082a824539b77c5ac619419b4bb0e3bf71aef13ca7f9696215da64547ec	Zero-retained haematological and lymphoid supplementary purity assessments.
fig:supp_solid_purity_assessments	supplementary.tex	NA	NA	figures/tumour_purity_analysis/nbl_tpa/nbl_sample_retention.pdf	89061751f4b493ea47c7ec36ff8759aaa244b01a14ea7b17a8857354e03548f4	Solid-tumour supplementary purity assessments.
fig:supp_solid_purity_assessments	supplementary.tex	NA	NA	figures/tumour_purity_analysis/nbl_tpa/nbl_tumour_immune_score.pdf	ffdd59b1e0f2c8cf2542195a34b5256f68b7951abde1583df3b895559b2a7720	Solid-tumour supplementary purity assessments.
fig:supp_solid_purity_assessments	supplementary.tex	NA	NA	figures/tumour_purity_analysis/nbl_tpa/nbl_tumour_purity_distribution.pdf	ff1fb1c2c30d6a38124e6ebc62b591fdd05c396e81dc479b64372ab7619af65a	Solid-tumour supplementary purity assessments.
fig:supp_solid_purity_assessments	supplementary.tex	NA	NA	figures/tumour_purity_analysis/nbl_tpa/nbl_tumour_stromal.pdf	219e7739c99a8b34cf2955eb60a9ce1afe7b7540cd63f41a3e3cd1bbc0dad62c	Solid-tumour supplementary purity assessments.
fig:supp_solid_purity_assessments	supplementary.tex	NA	NA	figures/tumour_purity_analysis/rbl_tpa/rbl_tumour_ImmuneScore.pdf	9673b6890aef1aa0a9e72c88c92139ed95be3abe907802373e9e3d67b2510247	Solid-tumour supplementary purity assessments.
fig:supp_solid_purity_assessments	supplementary.tex	NA	NA	figures/tumour_purity_analysis/rbl_tpa/rbl_tumour_distribution.pdf	5caaa4081efc4e669003baefc86d593d16fd4c23302a9b5e4d460731536697d3	Solid-tumour supplementary purity assessments.
fig:supp_solid_purity_assessments	supplementary.tex	NA	NA	figures/tumour_purity_analysis/rbl_tpa/rbl_tumour_stromalScore.pdf	59ab007f9ef7da376cb905b2b3aa6a6c601e2005244b5463bdace5cd31e3264d	Solid-tumour supplementary purity assessments.
fig:supp_solid_purity_assessments	supplementary.tex	NA	NA	figures/tumour_purity_analysis/rbl_tpa/sample_retention_and_purity_retention.pdf	c9304f81832b91798cf1085e848a4d222af4e26935dc494df33a7f8317189563	Solid-tumour supplementary purity assessments.
