query_name	query_type	submitted_genes	recognised_genes	background_name	background_size	source_databases	correction_method	significant_terms	status	skipped_reason
ranked_marker_source_panel__final_panel_all	final_panel	379	NOT_AVAILABLE	ranked_marker_source_panel__eligible_marker_selection_universe	1346	NOT_EXECUTED	g:SCS	NOT_AVAILABLE	PREPARED_API_TIMEOUT	NA
ranked_marker_source_panel__cohort_owner_brca	cohort_owner	221	NOT_AVAILABLE	ranked_marker_source_panel__eligible_marker_selection_universe	1346	NOT_EXECUTED	g:SCS	NOT_AVAILABLE	PREPARED_API_TIMEOUT	NA
ranked_marker_source_panel__cohort_owner_nbl	cohort_owner	99	NOT_AVAILABLE	ranked_marker_source_panel__eligible_marker_selection_universe	1346	NOT_EXECUTED	g:SCS	NOT_AVAILABLE	PREPARED_API_TIMEOUT	NA
ranked_marker_source_panel__cohort_owner_rbl	cohort_owner	59	NOT_AVAILABLE	ranked_marker_source_panel__eligible_marker_selection_universe	1346	NOT_EXECUTED	g:SCS	NOT_AVAILABLE	PREPARED_API_TIMEOUT	NA
ranked_marker_source_panel__marker_source_class_anchor	marker_source_class	277	NOT_AVAILABLE	ranked_marker_source_panel__eligible_marker_selection_universe	1346	NOT_EXECUTED	g:SCS	NOT_AVAILABLE	PREPARED_API_TIMEOUT	NA
ranked_marker_source_panel__cohort_brca_marker_source_class_anchor	cohort_marker_source_class	182	NOT_AVAILABLE	ranked_marker_source_panel__eligible_marker_selection_universe	1346	NOT_EXECUTED	g:SCS	NOT_AVAILABLE	PREPARED_API_TIMEOUT	NA
ranked_marker_source_panel__cohort_nbl_marker_source_class_anchor	cohort_marker_source_class	70	NOT_AVAILABLE	ranked_marker_source_panel__eligible_marker_selection_universe	1346	NOT_EXECUTED	g:SCS	NOT_AVAILABLE	PREPARED_API_TIMEOUT	NA
ranked_marker_source_panel__cohort_rbl_marker_source_class_anchor	cohort_marker_source_class	25	NOT_AVAILABLE	ranked_marker_source_panel__eligible_marker_selection_universe	1346	NOT_EXECUTED	g:SCS	NOT_AVAILABLE	PREPARED_API_TIMEOUT	NA
ranked_marker_source_panel__marker_source_class_isolate	marker_source_class	109	NOT_AVAILABLE	ranked_marker_source_panel__eligible_marker_selection_universe	1346	NOT_EXECUTED	g:SCS	NOT_AVAILABLE	PREPARED_API_TIMEOUT	NA
ranked_marker_source_panel__cohort_brca_marker_source_class_isolate	cohort_marker_source_class	42	NOT_AVAILABLE	ranked_marker_source_panel__eligible_marker_selection_universe	1346	NOT_EXECUTED	g:SCS	NOT_AVAILABLE	PREPARED_API_TIMEOUT	NA
ranked_marker_source_panel__cohort_nbl_marker_source_class_isolate	cohort_marker_source_class	31	NOT_AVAILABLE	ranked_marker_source_panel__eligible_marker_selection_universe	1346	NOT_EXECUTED	g:SCS	NOT_AVAILABLE	PREPARED_API_TIMEOUT	NA
ranked_marker_source_panel__cohort_rbl_marker_source_class_isolate	cohort_marker_source_class	36	NOT_AVAILABLE	ranked_marker_source_panel__eligible_marker_selection_universe	1346	NOT_EXECUTED	g:SCS	NOT_AVAILABLE	PREPARED_API_TIMEOUT	NA
ranked_marker_source_panel__evidence_anchor_source_recurrent	evidence_class	20	NOT_AVAILABLE	ranked_marker_source_panel__eligible_marker_selection_universe	1346	NOT_EXECUTED	g:SCS	NOT_AVAILABLE	PREPARED_API_TIMEOUT	NA
ranked_marker_source_panel__cohort_brca_evidence_anchor_source_recurrent	cohort_evidence_class	18	NOT_AVAILABLE	ranked_marker_source_panel__eligible_marker_selection_universe	1346	NOT_EXECUTED	g:SCS	NOT_AVAILABLE	PREPARED_API_TIMEOUT	NA
ranked_marker_source_panel__cohort_nbl_evidence_anchor_source_recurrent	cohort_evidence_class	2	NOT_AVAILABLE	ranked_marker_source_panel__eligible_marker_selection_universe	1346	NOT_EXECUTED	g:SCS	NOT_AVAILABLE	SKIPPED_QUERY_SIZE	query_size_below_3
ranked_marker_source_panel__cohort_rbl_evidence_anchor_source_recurrent	cohort_evidence_class	0	NOT_AVAILABLE	ranked_marker_source_panel__eligible_marker_selection_universe	1346	NOT_EXECUTED	g:SCS	NOT_AVAILABLE	SKIPPED_QUERY_SIZE	query_size_below_3
ranked_marker_source_panel__evidence_isolate_source_recurrent	evidence_class	4	NOT_AVAILABLE	ranked_marker_source_panel__eligible_marker_selection_universe	1346	NOT_EXECUTED	g:SCS	NOT_AVAILABLE	PREPARED_API_TIMEOUT	NA
ranked_marker_source_panel__cohort_brca_evidence_isolate_source_recurrent	cohort_evidence_class	2	NOT_AVAILABLE	ranked_marker_source_panel__eligible_marker_selection_universe	1346	NOT_EXECUTED	g:SCS	NOT_AVAILABLE	SKIPPED_QUERY_SIZE	query_size_below_3
ranked_marker_source_panel__cohort_nbl_evidence_isolate_source_recurrent	cohort_evidence_class	2	NOT_AVAILABLE	ranked_marker_source_panel__eligible_marker_selection_universe	1346	NOT_EXECUTED	g:SCS	NOT_AVAILABLE	SKIPPED_QUERY_SIZE	query_size_below_3
ranked_marker_source_panel__cohort_rbl_evidence_isolate_source_recurrent	cohort_evidence_class	0	NOT_AVAILABLE	ranked_marker_source_panel__eligible_marker_selection_universe	1346	NOT_EXECUTED	g:SCS	NOT_AVAILABLE	SKIPPED_QUERY_SIZE	query_size_below_3
ranked_marker_source_panel__evidence_anchor_singleton_ranked	evidence_class	24	NOT_AVAILABLE	ranked_marker_source_panel__eligible_marker_selection_universe	1346	NOT_EXECUTED	g:SCS	NOT_AVAILABLE	PREPARED_API_TIMEOUT	NA
ranked_marker_source_panel__cohort_brca_evidence_anchor_singleton_ranked	cohort_evidence_class	0	NOT_AVAILABLE	ranked_marker_source_panel__eligible_marker_selection_universe	1346	NOT_EXECUTED	g:SCS	NOT_AVAILABLE	SKIPPED_QUERY_SIZE	query_size_below_3
ranked_marker_source_panel__cohort_nbl_evidence_anchor_singleton_ranked	cohort_evidence_class	0	NOT_AVAILABLE	ranked_marker_source_panel__eligible_marker_selection_universe	1346	NOT_EXECUTED	g:SCS	NOT_AVAILABLE	SKIPPED_QUERY_SIZE	query_size_below_3
ranked_marker_source_panel__cohort_rbl_evidence_anchor_singleton_ranked	cohort_evidence_class	24	NOT_AVAILABLE	ranked_marker_source_panel__eligible_marker_selection_universe	1346	NOT_EXECUTED	g:SCS	NOT_AVAILABLE	PREPARED_API_TIMEOUT	NA
ranked_marker_source_panel__evidence_ranked_nonrecurrent_marker	evidence_class	334	NOT_AVAILABLE	ranked_marker_source_panel__eligible_marker_selection_universe	1346	NOT_EXECUTED	g:SCS	NOT_AVAILABLE	PREPARED_API_TIMEOUT	NA
ranked_marker_source_panel__cohort_brca_evidence_ranked_nonrecurrent_marker	cohort_evidence_class	201	NOT_AVAILABLE	ranked_marker_source_panel__eligible_marker_selection_universe	1346	NOT_EXECUTED	g:SCS	NOT_AVAILABLE	PREPARED_API_TIMEOUT	NA
ranked_marker_source_panel__cohort_nbl_evidence_ranked_nonrecurrent_marker	cohort_evidence_class	95	NOT_AVAILABLE	ranked_marker_source_panel__eligible_marker_selection_universe	1346	NOT_EXECUTED	g:SCS	NOT_AVAILABLE	PREPARED_API_TIMEOUT	NA
ranked_marker_source_panel__cohort_rbl_evidence_ranked_nonrecurrent_marker	cohort_evidence_class	38	NOT_AVAILABLE	ranked_marker_source_panel__eligible_marker_selection_universe	1346	NOT_EXECUTED	g:SCS	NOT_AVAILABLE	PREPARED_API_TIMEOUT	NA
ranked_marker_source_panel__direction_up	direction	73	NOT_AVAILABLE	ranked_marker_source_panel__eligible_marker_selection_universe	1346	NOT_EXECUTED	g:SCS	NOT_AVAILABLE	PREPARED_API_TIMEOUT	NA
ranked_marker_source_panel__cohort_brca_direction_up	cohort_direction	46	NOT_AVAILABLE	ranked_marker_source_panel__eligible_marker_selection_universe	1346	NOT_EXECUTED	g:SCS	NOT_AVAILABLE	PREPARED_API_TIMEOUT	NA
ranked_marker_source_panel__cohort_nbl_direction_up	cohort_direction	11	NOT_AVAILABLE	ranked_marker_source_panel__eligible_marker_selection_universe	1346	NOT_EXECUTED	g:SCS	NOT_AVAILABLE	PREPARED_API_TIMEOUT	NA
ranked_marker_source_panel__cohort_rbl_direction_up	cohort_direction	16	NOT_AVAILABLE	ranked_marker_source_panel__eligible_marker_selection_universe	1346	NOT_EXECUTED	g:SCS	NOT_AVAILABLE	PREPARED_API_TIMEOUT	NA
ranked_marker_source_panel__marker_source_class_anchor_direction_up	marker_source_class_direction	47	NOT_AVAILABLE	ranked_marker_source_panel__eligible_marker_selection_universe	1346	NOT_EXECUTED	g:SCS	NOT_AVAILABLE	PREPARED_API_TIMEOUT	NA
ranked_marker_source_panel__cohort_brca_marker_source_class_anchor_direction_up	cohort_marker_source_class_direction	35	NOT_AVAILABLE	ranked_marker_source_panel__eligible_marker_selection_universe	1346	NOT_EXECUTED	g:SCS	NOT_AVAILABLE	PREPARED_API_TIMEOUT	NA
ranked_marker_source_panel__cohort_nbl_marker_source_class_anchor_direction_up	cohort_marker_source_class_direction	8	NOT_AVAILABLE	ranked_marker_source_panel__eligible_marker_selection_universe	1346	NOT_EXECUTED	g:SCS	NOT_AVAILABLE	PREPARED_API_TIMEOUT	NA
ranked_marker_source_panel__cohort_rbl_marker_source_class_anchor_direction_up	cohort_marker_source_class_direction	4	NOT_AVAILABLE	ranked_marker_source_panel__eligible_marker_selection_universe	1346	NOT_EXECUTED	g:SCS	NOT_AVAILABLE	PREPARED_API_TIMEOUT	NA
ranked_marker_source_panel__marker_source_class_isolate_direction_up	marker_source_class_direction	27	NOT_AVAILABLE	ranked_marker_source_panel__eligible_marker_selection_universe	1346	NOT_EXECUTED	g:SCS	NOT_AVAILABLE	PREPARED_API_TIMEOUT	NA
ranked_marker_source_panel__cohort_brca_marker_source_class_isolate_direction_up	cohort_marker_source_class_direction	11	NOT_AVAILABLE	ranked_marker_source_panel__eligible_marker_selection_universe	1346	NOT_EXECUTED	g:SCS	NOT_AVAILABLE	PREPARED_API_TIMEOUT	NA
ranked_marker_source_panel__cohort_nbl_marker_source_class_isolate_direction_up	cohort_marker_source_class_direction	3	NOT_AVAILABLE	ranked_marker_source_panel__eligible_marker_selection_universe	1346	NOT_EXECUTED	g:SCS	NOT_AVAILABLE	PREPARED_API_TIMEOUT	NA
ranked_marker_source_panel__cohort_rbl_marker_source_class_isolate_direction_up	cohort_marker_source_class_direction	13	NOT_AVAILABLE	ranked_marker_source_panel__eligible_marker_selection_universe	1346	NOT_EXECUTED	g:SCS	NOT_AVAILABLE	PREPARED_API_TIMEOUT	NA
ranked_marker_source_panel__direction_down	direction	304	NOT_AVAILABLE	ranked_marker_source_panel__eligible_marker_selection_universe	1346	NOT_EXECUTED	g:SCS	NOT_AVAILABLE	PREPARED_API_TIMEOUT	NA
ranked_marker_source_panel__cohort_brca_direction_down	cohort_direction	173	NOT_AVAILABLE	ranked_marker_source_panel__eligible_marker_selection_universe	1346	NOT_EXECUTED	g:SCS	NOT_AVAILABLE	PREPARED_API_TIMEOUT	NA
ranked_marker_source_panel__cohort_nbl_direction_down	cohort_direction	88	NOT_AVAILABLE	ranked_marker_source_panel__eligible_marker_selection_universe	1346	NOT_EXECUTED	g:SCS	NOT_AVAILABLE	PREPARED_API_TIMEOUT	NA
ranked_marker_source_panel__cohort_rbl_direction_down	cohort_direction	43	NOT_AVAILABLE	ranked_marker_source_panel__eligible_marker_selection_universe	1346	NOT_EXECUTED	g:SCS	NOT_AVAILABLE	PREPARED_API_TIMEOUT	NA
ranked_marker_source_panel__marker_source_class_anchor_direction_down	marker_source_class_direction	228	NOT_AVAILABLE	ranked_marker_source_panel__eligible_marker_selection_universe	1346	NOT_EXECUTED	g:SCS	NOT_AVAILABLE	PREPARED_API_TIMEOUT	NA
ranked_marker_source_panel__cohort_brca_marker_source_class_anchor_direction_down	cohort_marker_source_class_direction	145	NOT_AVAILABLE	ranked_marker_source_panel__eligible_marker_selection_universe	1346	NOT_EXECUTED	g:SCS	NOT_AVAILABLE	PREPARED_API_TIMEOUT	NA
ranked_marker_source_panel__cohort_nbl_marker_source_class_anchor_direction_down	cohort_marker_source_class_direction	62	NOT_AVAILABLE	ranked_marker_source_panel__eligible_marker_selection_universe	1346	NOT_EXECUTED	g:SCS	NOT_AVAILABLE	PREPARED_API_TIMEOUT	NA
ranked_marker_source_panel__cohort_rbl_marker_source_class_anchor_direction_down	cohort_marker_source_class_direction	21	NOT_AVAILABLE	ranked_marker_source_panel__eligible_marker_selection_universe	1346	NOT_EXECUTED	g:SCS	NOT_AVAILABLE	PREPARED_API_TIMEOUT	NA
ranked_marker_source_panel__marker_source_class_isolate_direction_down	marker_source_class_direction	81	NOT_AVAILABLE	ranked_marker_source_panel__eligible_marker_selection_universe	1346	NOT_EXECUTED	g:SCS	NOT_AVAILABLE	PREPARED_API_TIMEOUT	NA
ranked_marker_source_panel__cohort_brca_marker_source_class_isolate_direction_down	cohort_marker_source_class_direction	30	NOT_AVAILABLE	ranked_marker_source_panel__eligible_marker_selection_universe	1346	NOT_EXECUTED	g:SCS	NOT_AVAILABLE	PREPARED_API_TIMEOUT	NA
ranked_marker_source_panel__cohort_nbl_marker_source_class_isolate_direction_down	cohort_marker_source_class_direction	28	NOT_AVAILABLE	ranked_marker_source_panel__eligible_marker_selection_universe	1346	NOT_EXECUTED	g:SCS	NOT_AVAILABLE	PREPARED_API_TIMEOUT	NA
ranked_marker_source_panel__cohort_rbl_marker_source_class_isolate_direction_down	cohort_marker_source_class_direction	23	NOT_AVAILABLE	ranked_marker_source_panel__eligible_marker_selection_universe	1346	NOT_EXECUTED	g:SCS	NOT_AVAILABLE	PREPARED_API_TIMEOUT	NA
ranked_marker_source_panel__direction_mixed	direction	2	NOT_AVAILABLE	ranked_marker_source_panel__eligible_marker_selection_universe	1346	NOT_EXECUTED	g:SCS	NOT_AVAILABLE	SKIPPED_QUERY_SIZE	query_size_below_3
ranked_marker_source_panel__cohort_brca_direction_mixed	cohort_direction	2	NOT_AVAILABLE	ranked_marker_source_panel__eligible_marker_selection_universe	1346	NOT_EXECUTED	g:SCS	NOT_AVAILABLE	SKIPPED_QUERY_SIZE	query_size_below_3
ranked_marker_source_panel__cohort_nbl_direction_mixed	cohort_direction	0	NOT_AVAILABLE	ranked_marker_source_panel__eligible_marker_selection_universe	1346	NOT_EXECUTED	g:SCS	NOT_AVAILABLE	SKIPPED_QUERY_SIZE	query_size_below_3
ranked_marker_source_panel__cohort_rbl_direction_mixed	cohort_direction	0	NOT_AVAILABLE	ranked_marker_source_panel__eligible_marker_selection_universe	1346	NOT_EXECUTED	g:SCS	NOT_AVAILABLE	SKIPPED_QUERY_SIZE	query_size_below_3
ranked_marker_source_panel__marker_source_class_anchor_direction_mixed	marker_source_class_direction	2	NOT_AVAILABLE	ranked_marker_source_panel__eligible_marker_selection_universe	1346	NOT_EXECUTED	g:SCS	NOT_AVAILABLE	SKIPPED_QUERY_SIZE	query_size_below_3
ranked_marker_source_panel__cohort_brca_marker_source_class_anchor_direction_mixed	cohort_marker_source_class_direction	2	NOT_AVAILABLE	ranked_marker_source_panel__eligible_marker_selection_universe	1346	NOT_EXECUTED	g:SCS	NOT_AVAILABLE	SKIPPED_QUERY_SIZE	query_size_below_3
ranked_marker_source_panel__cohort_nbl_marker_source_class_anchor_direction_mixed	cohort_marker_source_class_direction	0	NOT_AVAILABLE	ranked_marker_source_panel__eligible_marker_selection_universe	1346	NOT_EXECUTED	g:SCS	NOT_AVAILABLE	SKIPPED_QUERY_SIZE	query_size_below_3
ranked_marker_source_panel__cohort_rbl_marker_source_class_anchor_direction_mixed	cohort_marker_source_class_direction	0	NOT_AVAILABLE	ranked_marker_source_panel__eligible_marker_selection_universe	1346	NOT_EXECUTED	g:SCS	NOT_AVAILABLE	SKIPPED_QUERY_SIZE	query_size_below_3
ranked_marker_source_panel__marker_source_class_isolate_direction_mixed	marker_source_class_direction	1	NOT_AVAILABLE	ranked_marker_source_panel__eligible_marker_selection_universe	1346	NOT_EXECUTED	g:SCS	NOT_AVAILABLE	SKIPPED_QUERY_SIZE	query_size_below_3
ranked_marker_source_panel__cohort_brca_marker_source_class_isolate_direction_mixed	cohort_marker_source_class_direction	1	NOT_AVAILABLE	ranked_marker_source_panel__eligible_marker_selection_universe	1346	NOT_EXECUTED	g:SCS	NOT_AVAILABLE	SKIPPED_QUERY_SIZE	query_size_below_3
ranked_marker_source_panel__cohort_nbl_marker_source_class_isolate_direction_mixed	cohort_marker_source_class_direction	0	NOT_AVAILABLE	ranked_marker_source_panel__eligible_marker_selection_universe	1346	NOT_EXECUTED	g:SCS	NOT_AVAILABLE	SKIPPED_QUERY_SIZE	query_size_below_3
ranked_marker_source_panel__cohort_rbl_marker_source_class_isolate_direction_mixed	cohort_marker_source_class_direction	0	NOT_AVAILABLE	ranked_marker_source_panel__eligible_marker_selection_universe	1346	NOT_EXECUTED	g:SCS	NOT_AVAILABLE	SKIPPED_QUERY_SIZE	query_size_below_3
ranked_marker_source_panel__contrast_brca_isolate_du_4475_vs_rest_all	per_contrast	50	NOT_AVAILABLE	ranked_marker_source_panel__brca__isolate_du_4475_vs_rest__eligible_deseq2_background	18186	NOT_EXECUTED	g:SCS	NOT_AVAILABLE	PREPARED_API_TIMEOUT	NA
ranked_marker_source_panel__contrast_brca_isolate_du_4475_vs_rest_up	per_contrast	26	NOT_AVAILABLE	ranked_marker_source_panel__brca__isolate_du_4475_vs_rest__eligible_deseq2_background	18186	NOT_EXECUTED	g:SCS	NOT_AVAILABLE	PREPARED_API_TIMEOUT	NA
ranked_marker_source_panel__contrast_brca_isolate_du_4475_vs_rest_down	per_contrast	24	NOT_AVAILABLE	ranked_marker_source_panel__brca__isolate_du_4475_vs_rest__eligible_deseq2_background	18186	NOT_EXECUTED	g:SCS	NOT_AVAILABLE	PREPARED_API_TIMEOUT	NA
ranked_marker_source_panel__contrast_brca_isolate_iph_926_vs_rest_all	per_contrast	50	NOT_AVAILABLE	ranked_marker_source_panel__brca__isolate_iph_926_vs_rest__eligible_deseq2_background	17341	NOT_EXECUTED	g:SCS	NOT_AVAILABLE	PREPARED_API_TIMEOUT	NA
ranked_marker_source_panel__contrast_brca_isolate_iph_926_vs_rest_up	per_contrast	5	NOT_AVAILABLE	ranked_marker_source_panel__brca__isolate_iph_926_vs_rest__eligible_deseq2_background	17341	NOT_EXECUTED	g:SCS	NOT_AVAILABLE	PREPARED_API_TIMEOUT	NA
ranked_marker_source_panel__contrast_brca_isolate_iph_926_vs_rest_down	per_contrast	45	NOT_AVAILABLE	ranked_marker_source_panel__brca__isolate_iph_926_vs_rest__eligible_deseq2_background	17341	NOT_EXECUTED	g:SCS	NOT_AVAILABLE	PREPARED_API_TIMEOUT	NA
ranked_marker_source_panel__contrast_brca_isolate_sk_br_3_vs_rest_all	per_contrast	50	NOT_AVAILABLE	ranked_marker_source_panel__brca__isolate_sk_br_3_vs_rest__eligible_deseq2_background	17636	NOT_EXECUTED	g:SCS	NOT_AVAILABLE	PREPARED_API_TIMEOUT	NA
ranked_marker_source_panel__contrast_brca_isolate_sk_br_3_vs_rest_up	per_contrast	6	NOT_AVAILABLE	ranked_marker_source_panel__brca__isolate_sk_br_3_vs_rest__eligible_deseq2_background	17636	NOT_EXECUTED	g:SCS	NOT_AVAILABLE	PREPARED_API_TIMEOUT	NA
ranked_marker_source_panel__contrast_brca_isolate_sk_br_3_vs_rest_down	per_contrast	44	NOT_AVAILABLE	ranked_marker_source_panel__brca__isolate_sk_br_3_vs_rest__eligible_deseq2_background	17636	NOT_EXECUTED	g:SCS	NOT_AVAILABLE	PREPARED_API_TIMEOUT	NA
ranked_marker_source_panel__contrast_brca_anchor_efm_192c_vs_outside_component_0_all	per_contrast	200	NOT_AVAILABLE	ranked_marker_source_panel__brca__anchor_efm_192c_vs_outside_component_0__eligible_deseq2_background	17359	NOT_EXECUTED	g:SCS	NOT_AVAILABLE	PREPARED_API_TIMEOUT	NA
ranked_marker_source_panel__contrast_brca_anchor_efm_192c_vs_outside_component_0_up	per_contrast	35	NOT_AVAILABLE	ranked_marker_source_panel__brca__anchor_efm_192c_vs_outside_component_0__eligible_deseq2_background	17359	NOT_EXECUTED	g:SCS	NOT_AVAILABLE	PREPARED_API_TIMEOUT	NA
ranked_marker_source_panel__contrast_brca_anchor_efm_192c_vs_outside_component_0_down	per_contrast	165	NOT_AVAILABLE	ranked_marker_source_panel__brca__anchor_efm_192c_vs_outside_component_0__eligible_deseq2_background	17359	NOT_EXECUTED	g:SCS	NOT_AVAILABLE	PREPARED_API_TIMEOUT	NA
ranked_marker_source_panel__contrast_brca_anchor_hcc_1143_vs_outside_component_1_all	per_contrast	200	NOT_AVAILABLE	ranked_marker_source_panel__brca__anchor_hcc_1143_vs_outside_component_1__eligible_deseq2_background	17109	NOT_EXECUTED	g:SCS	NOT_AVAILABLE	PREPARED_API_TIMEOUT	NA
ranked_marker_source_panel__contrast_brca_anchor_hcc_1143_vs_outside_component_1_up	per_contrast	61	NOT_AVAILABLE	ranked_marker_source_panel__brca__anchor_hcc_1143_vs_outside_component_1__eligible_deseq2_background	17109	NOT_EXECUTED	g:SCS	NOT_AVAILABLE	PREPARED_API_TIMEOUT	NA
ranked_marker_source_panel__contrast_brca_anchor_hcc_1143_vs_outside_component_1_down	per_contrast	139	NOT_AVAILABLE	ranked_marker_source_panel__brca__anchor_hcc_1143_vs_outside_component_1__eligible_deseq2_background	17109	NOT_EXECUTED	g:SCS	NOT_AVAILABLE	PREPARED_API_TIMEOUT	NA
ranked_marker_source_panel__contrast_brca_anchor_mda_mb_231_vs_outside_component_1_all	per_contrast	200	NOT_AVAILABLE	ranked_marker_source_panel__brca__anchor_mda_mb_231_vs_outside_component_1__eligible_deseq2_background	16268	NOT_EXECUTED	g:SCS	NOT_AVAILABLE	PREPARED_API_TIMEOUT	NA
ranked_marker_source_panel__contrast_brca_anchor_mda_mb_231_vs_outside_component_1_up	per_contrast	57	NOT_AVAILABLE	ranked_marker_source_panel__brca__anchor_mda_mb_231_vs_outside_component_1__eligible_deseq2_background	16268	NOT_EXECUTED	g:SCS	NOT_AVAILABLE	PREPARED_API_TIMEOUT	NA
ranked_marker_source_panel__contrast_brca_anchor_mda_mb_231_vs_outside_component_1_down	per_contrast	143	NOT_AVAILABLE	ranked_marker_source_panel__brca__anchor_mda_mb_231_vs_outside_component_1__eligible_deseq2_background	16268	NOT_EXECUTED	g:SCS	NOT_AVAILABLE	PREPARED_API_TIMEOUT	NA
ranked_marker_source_panel__contrast_brca_anchor_mda_mb_468_vs_outside_component_2_all	per_contrast	45	NOT_AVAILABLE	ranked_marker_source_panel__brca__anchor_mda_mb_468_vs_outside_component_2__eligible_deseq2_background	17485	NOT_EXECUTED	g:SCS	NOT_AVAILABLE	PREPARED_API_TIMEOUT	NA
ranked_marker_source_panel__contrast_brca_anchor_mda_mb_468_vs_outside_component_2_up	per_contrast	14	NOT_AVAILABLE	ranked_marker_source_panel__brca__anchor_mda_mb_468_vs_outside_component_2__eligible_deseq2_background	17485	NOT_EXECUTED	g:SCS	NOT_AVAILABLE	PREPARED_API_TIMEOUT	NA
ranked_marker_source_panel__contrast_brca_anchor_mda_mb_468_vs_outside_component_2_down	per_contrast	31	NOT_AVAILABLE	ranked_marker_source_panel__brca__anchor_mda_mb_468_vs_outside_component_2__eligible_deseq2_background	17485	NOT_EXECUTED	g:SCS	NOT_AVAILABLE	PREPARED_API_TIMEOUT	NA
ranked_marker_source_panel__contrast_nbl_isolate_lan6_vs_rest_all	per_contrast	50	NOT_AVAILABLE	ranked_marker_source_panel__nbl__isolate_lan6_vs_rest__eligible_deseq2_background	17397	NOT_EXECUTED	g:SCS	NOT_AVAILABLE	PREPARED_API_TIMEOUT	NA
ranked_marker_source_panel__contrast_nbl_isolate_lan6_vs_rest_up	per_contrast	7	NOT_AVAILABLE	ranked_marker_source_panel__nbl__isolate_lan6_vs_rest__eligible_deseq2_background	17397	NOT_EXECUTED	g:SCS	NOT_AVAILABLE	PREPARED_API_TIMEOUT	NA
ranked_marker_source_panel__contrast_nbl_isolate_lan6_vs_rest_down	per_contrast	43	NOT_AVAILABLE	ranked_marker_source_panel__nbl__isolate_lan6_vs_rest__eligible_deseq2_background	17397	NOT_EXECUTED	g:SCS	NOT_AVAILABLE	PREPARED_API_TIMEOUT	NA
ranked_marker_source_panel__contrast_nbl_isolate_mhh_nb_11_vs_rest_all	per_contrast	15	NOT_AVAILABLE	ranked_marker_source_panel__nbl__isolate_mhh_nb_11_vs_rest__eligible_deseq2_background	17877	NOT_EXECUTED	g:SCS	NOT_AVAILABLE	PREPARED_API_TIMEOUT	NA
ranked_marker_source_panel__contrast_nbl_isolate_mhh_nb_11_vs_rest_up	per_contrast	4	NOT_AVAILABLE	ranked_marker_source_panel__nbl__isolate_mhh_nb_11_vs_rest__eligible_deseq2_background	17877	NOT_EXECUTED	g:SCS	NOT_AVAILABLE	PREPARED_API_TIMEOUT	NA
ranked_marker_source_panel__contrast_nbl_isolate_mhh_nb_11_vs_rest_down	per_contrast	11	NOT_AVAILABLE	ranked_marker_source_panel__nbl__isolate_mhh_nb_11_vs_rest__eligible_deseq2_background	17877	NOT_EXECUTED	g:SCS	NOT_AVAILABLE	PREPARED_API_TIMEOUT	NA
ranked_marker_source_panel__contrast_nbl_isolate_sh_sy5y_vs_rest_all	per_contrast	6	NOT_AVAILABLE	ranked_marker_source_panel__nbl__isolate_sh_sy5y_vs_rest__eligible_deseq2_background	16942	NOT_EXECUTED	g:SCS	NOT_AVAILABLE	PREPARED_API_TIMEOUT	NA
ranked_marker_source_panel__contrast_nbl_isolate_sh_sy5y_vs_rest_up	per_contrast	1	NOT_AVAILABLE	ranked_marker_source_panel__nbl__isolate_sh_sy5y_vs_rest__eligible_deseq2_background	16942	NOT_EXECUTED	g:SCS	NOT_AVAILABLE	SKIPPED_QUERY_SIZE	query_size_below_3
ranked_marker_source_panel__contrast_nbl_isolate_sh_sy5y_vs_rest_down	per_contrast	5	NOT_AVAILABLE	ranked_marker_source_panel__nbl__isolate_sh_sy5y_vs_rest__eligible_deseq2_background	16942	NOT_EXECUTED	g:SCS	NOT_AVAILABLE	PREPARED_API_TIMEOUT	NA
ranked_marker_source_panel__contrast_nbl_isolate_sima_vs_rest_all	per_contrast	41	NOT_AVAILABLE	ranked_marker_source_panel__nbl__isolate_sima_vs_rest__eligible_deseq2_background	18060	NOT_EXECUTED	g:SCS	NOT_AVAILABLE	PREPARED_API_TIMEOUT	NA
ranked_marker_source_panel__contrast_nbl_isolate_sima_vs_rest_up	per_contrast	11	NOT_AVAILABLE	ranked_marker_source_panel__nbl__isolate_sima_vs_rest__eligible_deseq2_background	18060	NOT_EXECUTED	g:SCS	NOT_AVAILABLE	PREPARED_API_TIMEOUT	NA
ranked_marker_source_panel__contrast_nbl_isolate_sima_vs_rest_down	per_contrast	30	NOT_AVAILABLE	ranked_marker_source_panel__nbl__isolate_sima_vs_rest__eligible_deseq2_background	18060	NOT_EXECUTED	g:SCS	NOT_AVAILABLE	PREPARED_API_TIMEOUT	NA
ranked_marker_source_panel__contrast_nbl_anchor_chp_134_vs_outside_component_0_all	per_contrast	131	NOT_AVAILABLE	ranked_marker_source_panel__nbl__anchor_chp_134_vs_outside_component_0__eligible_deseq2_background	17979	NOT_EXECUTED	g:SCS	NOT_AVAILABLE	PREPARED_API_TIMEOUT	NA
ranked_marker_source_panel__contrast_nbl_anchor_chp_134_vs_outside_component_0_up	per_contrast	27	NOT_AVAILABLE	ranked_marker_source_panel__nbl__anchor_chp_134_vs_outside_component_0__eligible_deseq2_background	17979	NOT_EXECUTED	g:SCS	NOT_AVAILABLE	PREPARED_API_TIMEOUT	NA
ranked_marker_source_panel__contrast_nbl_anchor_chp_134_vs_outside_component_0_down	per_contrast	104	NOT_AVAILABLE	ranked_marker_source_panel__nbl__anchor_chp_134_vs_outside_component_0__eligible_deseq2_background	17979	NOT_EXECUTED	g:SCS	NOT_AVAILABLE	PREPARED_API_TIMEOUT	NA
ranked_marker_source_panel__contrast_nbl_anchor_lan1_vs_outside_component_1_all	per_contrast	106	NOT_AVAILABLE	ranked_marker_source_panel__nbl__anchor_lan1_vs_outside_component_1__eligible_deseq2_background	18863	NOT_EXECUTED	g:SCS	NOT_AVAILABLE	PREPARED_API_TIMEOUT	NA
ranked_marker_source_panel__contrast_nbl_anchor_lan1_vs_outside_component_1_up	per_contrast	23	NOT_AVAILABLE	ranked_marker_source_panel__nbl__anchor_lan1_vs_outside_component_1__eligible_deseq2_background	18863	NOT_EXECUTED	g:SCS	NOT_AVAILABLE	PREPARED_API_TIMEOUT	NA
ranked_marker_source_panel__contrast_nbl_anchor_lan1_vs_outside_component_1_down	per_contrast	83	NOT_AVAILABLE	ranked_marker_source_panel__nbl__anchor_lan1_vs_outside_component_1__eligible_deseq2_background	18863	NOT_EXECUTED	g:SCS	NOT_AVAILABLE	PREPARED_API_TIMEOUT	NA
ranked_marker_source_panel__contrast_nbl_anchor_lan5_vs_outside_component_1_all	per_contrast	46	NOT_AVAILABLE	ranked_marker_source_panel__nbl__anchor_lan5_vs_outside_component_1__eligible_deseq2_background	22598	NOT_EXECUTED	g:SCS	NOT_AVAILABLE	PREPARED_API_TIMEOUT	NA
ranked_marker_source_panel__contrast_nbl_anchor_lan5_vs_outside_component_1_up	per_contrast	9	NOT_AVAILABLE	ranked_marker_source_panel__nbl__anchor_lan5_vs_outside_component_1__eligible_deseq2_background	22598	NOT_EXECUTED	g:SCS	NOT_AVAILABLE	PREPARED_API_TIMEOUT	NA
ranked_marker_source_panel__contrast_nbl_anchor_lan5_vs_outside_component_1_down	per_contrast	37	NOT_AVAILABLE	ranked_marker_source_panel__nbl__anchor_lan5_vs_outside_component_1__eligible_deseq2_background	22598	NOT_EXECUTED	g:SCS	NOT_AVAILABLE	PREPARED_API_TIMEOUT	NA
ranked_marker_source_panel__contrast_rbl_isolate_rbl_14_vs_rest_all	per_contrast	23	NOT_AVAILABLE	ranked_marker_source_panel__rbl__isolate_rbl_14_vs_rest__eligible_deseq2_background	22336	NOT_EXECUTED	g:SCS	NOT_AVAILABLE	PREPARED_API_TIMEOUT	NA
ranked_marker_source_panel__contrast_rbl_isolate_rbl_14_vs_rest_up	per_contrast	10	NOT_AVAILABLE	ranked_marker_source_panel__rbl__isolate_rbl_14_vs_rest__eligible_deseq2_background	22336	NOT_EXECUTED	g:SCS	NOT_AVAILABLE	PREPARED_API_TIMEOUT	NA
ranked_marker_source_panel__contrast_rbl_isolate_rbl_14_vs_rest_down	per_contrast	13	NOT_AVAILABLE	ranked_marker_source_panel__rbl__isolate_rbl_14_vs_rest__eligible_deseq2_background	22336	NOT_EXECUTED	g:SCS	NOT_AVAILABLE	PREPARED_API_TIMEOUT	NA
ranked_marker_source_panel__contrast_rbl_isolate_rbl_7_vs_rest_all	per_contrast	21	NOT_AVAILABLE	ranked_marker_source_panel__rbl__isolate_rbl_7_vs_rest__eligible_deseq2_background	18255	NOT_EXECUTED	g:SCS	NOT_AVAILABLE	PREPARED_API_TIMEOUT	NA
ranked_marker_source_panel__contrast_rbl_isolate_rbl_7_vs_rest_up	per_contrast	4	NOT_AVAILABLE	ranked_marker_source_panel__rbl__isolate_rbl_7_vs_rest__eligible_deseq2_background	18255	NOT_EXECUTED	g:SCS	NOT_AVAILABLE	PREPARED_API_TIMEOUT	NA
ranked_marker_source_panel__contrast_rbl_isolate_rbl_7_vs_rest_down	per_contrast	17	NOT_AVAILABLE	ranked_marker_source_panel__rbl__isolate_rbl_7_vs_rest__eligible_deseq2_background	18255	NOT_EXECUTED	g:SCS	NOT_AVAILABLE	PREPARED_API_TIMEOUT	NA
ranked_marker_source_panel__contrast_rbl_isolate_weri_rb1_vs_rest_all	per_contrast	50	NOT_AVAILABLE	ranked_marker_source_panel__rbl__isolate_weri_rb1_vs_rest__eligible_deseq2_background	19945	NOT_EXECUTED	g:SCS	NOT_AVAILABLE	PREPARED_API_TIMEOUT	NA
ranked_marker_source_panel__contrast_rbl_isolate_weri_rb1_vs_rest_up	per_contrast	40	NOT_AVAILABLE	ranked_marker_source_panel__rbl__isolate_weri_rb1_vs_rest__eligible_deseq2_background	19945	NOT_EXECUTED	g:SCS	NOT_AVAILABLE	PREPARED_API_TIMEOUT	NA
ranked_marker_source_panel__contrast_rbl_isolate_weri_rb1_vs_rest_down	per_contrast	10	NOT_AVAILABLE	ranked_marker_source_panel__rbl__isolate_weri_rb1_vs_rest__eligible_deseq2_background	19945	NOT_EXECUTED	g:SCS	NOT_AVAILABLE	PREPARED_API_TIMEOUT	NA
ranked_marker_source_panel__contrast_rbl_isolate_y_79_vs_rest_all	per_contrast	50	NOT_AVAILABLE	ranked_marker_source_panel__rbl__isolate_y_79_vs_rest__eligible_deseq2_background	17829	NOT_EXECUTED	g:SCS	NOT_AVAILABLE	PREPARED_API_TIMEOUT	NA
ranked_marker_source_panel__contrast_rbl_isolate_y_79_vs_rest_up	per_contrast	23	NOT_AVAILABLE	ranked_marker_source_panel__rbl__isolate_y_79_vs_rest__eligible_deseq2_background	17829	NOT_EXECUTED	g:SCS	NOT_AVAILABLE	PREPARED_API_TIMEOUT	NA
ranked_marker_source_panel__contrast_rbl_isolate_y_79_vs_rest_down	per_contrast	27	NOT_AVAILABLE	ranked_marker_source_panel__rbl__isolate_y_79_vs_rest__eligible_deseq2_background	17829	NOT_EXECUTED	g:SCS	NOT_AVAILABLE	PREPARED_API_TIMEOUT	NA
ranked_marker_source_panel__contrast_rbl_anchor_rbl_18_vs_outside_component_0_all	per_contrast	101	NOT_AVAILABLE	ranked_marker_source_panel__rbl__anchor_rbl_18_vs_outside_component_0__eligible_deseq2_background	18432	NOT_EXECUTED	g:SCS	NOT_AVAILABLE	PREPARED_API_TIMEOUT	NA
ranked_marker_source_panel__contrast_rbl_anchor_rbl_18_vs_outside_component_0_up	per_contrast	20	NOT_AVAILABLE	ranked_marker_source_panel__rbl__anchor_rbl_18_vs_outside_component_0__eligible_deseq2_background	18432	NOT_EXECUTED	g:SCS	NOT_AVAILABLE	PREPARED_API_TIMEOUT	NA
ranked_marker_source_panel__contrast_rbl_anchor_rbl_18_vs_outside_component_0_down	per_contrast	81	NOT_AVAILABLE	ranked_marker_source_panel__rbl__anchor_rbl_18_vs_outside_component_0__eligible_deseq2_background	18432	NOT_EXECUTED	g:SCS	NOT_AVAILABLE	PREPARED_API_TIMEOUT	NA
